SNo,Player,Team,Age,GP,W,L,Min,PTS,FGM,FGA,FG%,3PM,3PA,3P%,FTM,FTA,FT%,OREB,DREB,REB,AST,TOV,STL,BLK,PF,FP,DD2,TD3,+/-
1,Shai Gilgeous-Alexander,OKC,26,76,63,13,34.2,32.7,11.3,21.8,51.9,2.1,5.7,37.5,7.9,8.8,89.8,0.9,4.1,5.0,6.4,2.4,1.7,1.0,2.2,54.1,6.0,0.0,12.1
2,Giannis Antetokounmpo,MIL,30,67,40,27,34.2,30.4,11.8,19.7,60.1,0.2,0.9,22.2,6.5,10.6,61.7,2.2,9.7,11.9,6.5,3.1,0.9,1.2,2.3,57.4,55.0,11.0,5.0
3,Nikola Jokić,DEN,30,70,46,24,36.7,29.6,11.2,19.5,57.6,2.0,4.7,41.7,5.2,6.4,80.0,2.9,9.9,12.7,10.2,3.3,1.8,0.6,2.3,64.3,59.0,34.0,8.5
4,Luka Dončić,LAL,26,50,31,19,35.4,28.2,9.2,20.5,45.0,3.5,9.6,36.8,6.2,7.9,78.2,0.8,7.4,8.2,7.7,3.6,1.8,0.4,2.5,52.5,21.0,5.0,6.9
5,Anthony Edwards,MIN,23,79,48,31,36.3,27.6,9.1,20.4,44.7,4.1,10.3,39.5,5.3,6.3,83.7,0.8,4.9,5.7,4.5,3.2,1.2,0.6,1.9,43.4,7.0,0.0,3.7
6,Jayson Tatum,BOS,27,72,53,19,36.4,26.8,9.2,20.3,45.2,3.5,10.1,34.3,5.0,6.1,81.4,0.7,8.0,8.7,6.0,2.9,1.1,0.5,2.2,48.0,31.0,2.0,7.4
7,Kevin Durant,PHX,36,62,33,29,36.5,26.6,9.5,18.1,52.7,2.6,6.0,43.0,4.9,5.8,83.9,0.4,5.7,6.0,4.2,3.1,0.8,1.2,1.7,43.2,5.0,0.0,-0.6
8,Tyrese Maxey,PHI,24,52,20,32,37.7,26.3,9.2,21.0,43.7,3.1,9.2,33.7,4.9,5.6,87.9,0.3,3.1,3.3,6.1,2.4,1.8,0.4,2.2,43.6,8.0,1.0,-2.4
9,Cade Cunningham,DET,23,70,38,32,35.0,26.1,9.8,20.8,46.9,2.1,6.0,35.6,4.5,5.3,84.6,0.8,5.3,6.1,9.1,4.4,1.0,0.8,2.8,48.0,31.0,9.0,2.5
10,Jalen Brunson,NYK,28,65,40,25,35.4,26.0,9.0,18.5,48.8,2.3,6.1,38.3,5.7,6.9,82.1,0.4,2.5,2.9,7.3,2.5,0.9,0.1,2.1,41.0,14.0,0.0,2.2
11,Paolo Banchero,ORL,22,46,21,25,34.4,25.9,9.0,19.8,45.2,1.9,5.9,32.0,6.1,8.4,72.7,1.1,6.4,7.5,4.8,3.0,0.8,0.6,2.1,43.3,11.0,0.0,-0.5
12,Devin Booker,PHX,28,75,35,40,37.3,25.6,8.7,18.9,46.1,2.4,7.3,33.2,5.8,6.4,89.4,1.0,3.1,4.1,7.1,2.9,0.9,0.2,2.6,41.5,16.0,0.0,-2.4
13,LaMelo Ball,CHA,23,47,16,31,32.0,25.2,8.6,21.3,40.5,3.8,11.2,33.9,4.1,4.9,84.3,1.0,3.9,4.9,7.4,3.6,1.1,0.3,3.3,42.9,13.0,0.0,-2.8
14,Damian Lillard,MIL,34,58,32,26,36.1,24.9,7.7,17.1,44.8,3.4,9.0,37.6,6.2,6.8,92.1,0.5,4.2,4.7,7.1,2.8,1.2,0.2,1.7,42.5,14.0,2.0,0.9
15,Anthony Davis,DAL,32,51,30,21,33.4,24.7,9.2,17.8,51.6,0.7,2.4,28.2,5.6,7.2,77.5,2.6,8.9,11.6,3.5,2.2,1.2,2.2,1.9,51.7,36.0,1.0,0.5
16,Kyrie Irving,DAL,33,50,28,22,36.1,24.7,8.9,18.9,47.3,2.9,7.2,40.1,3.9,4.3,91.6,1.2,3.6,4.8,4.6,2.2,1.3,0.5,2.0,40.5,0.0,0.0,2.5
17,Zion Williamson,NOP,24,30,10,20,28.6,24.6,9.6,16.9,56.7,0.1,0.4,23.1,5.3,8.0,65.6,2.5,4.7,7.2,5.3,3.0,1.2,0.9,2.7,44.6,8.0,2.0,-1.4
18,Stephen Curry,GSW,37,70,41,29,32.2,24.5,8.1,18.0,44.8,4.4,11.2,39.7,4.0,4.3,93.3,0.6,3.9,4.4,6.0,2.9,1.1,0.4,1.4,40.7,9.0,0.0,4.3
19,Karl-Anthony Towns,NYK,29,72,46,26,35.0,24.4,8.9,16.9,52.6,2.0,4.7,42.0,4.7,5.7,82.9,2.9,9.8,12.8,3.1,2.7,1.0,0.7,3.5,46.8,58.0,1.0,5.3
20,LeBron James,LAL,40,70,44,26,34.9,24.4,9.3,18.1,51.3,2.1,5.7,37.6,3.7,4.7,78.2,1.0,6.8,7.8,8.2,3.7,1.0,0.6,1.4,47.1,32.0,10.0,-0.8
21,Victor Wembanyama,SAS,21,46,21,25,33.2,24.3,8.9,18.6,47.6,3.1,8.8,35.2,3.4,4.1,83.6,1.8,9.2,11.0,3.7,3.2,1.1,3.8,2.3,54.6,28.0,1.0,2.2
22,Trae Young,ATL,26,76,36,40,36.0,24.2,7.4,18.1,41.1,2.9,8.4,34.0,6.5,7.4,87.5,0.5,2.6,3.1,11.6,4.7,1.2,0.2,1.9,44.7,51.0,0.0,0.4
23,Franz Wagner,ORL,23,60,33,27,33.7,24.2,9.0,19.4,46.3,1.7,5.9,29.5,4.5,5.2,87.1,0.9,4.8,5.7,4.7,2.3,1.3,0.4,2.5,40.6,3.0,0.0,4.1
24,Cam Thomas,BKN,23,25,8,17,31.2,24.0,8.0,18.2,43.8,2.7,7.8,34.9,5.3,6.0,88.1,0.6,2.7,3.3,3.8,2.5,0.6,0.1,1.8,33.1,1.0,0.0,-3.7
25,Donovan Mitchell,CLE,28,71,55,16,31.4,24.0,8.2,18.6,44.3,3.3,8.9,36.8,4.2,5.1,82.3,0.8,3.7,4.5,5.0,2.1,1.3,0.2,2.0,39.5,6.0,0.0,7.4
26,Tyler Herro,MIA,25,77,37,40,35.4,23.9,8.5,17.9,47.2,3.3,8.7,37.5,3.7,4.2,87.8,0.5,4.7,5.2,5.5,2.6,0.9,0.2,1.1,39.2,9.0,0.0,1.3
27,Joel Embiid,PHI,31,19,8,11,30.2,23.8,7.4,16.6,44.4,1.2,4.1,29.9,7.8,8.9,88.2,1.9,6.3,8.2,4.5,3.3,0.7,0.9,2.2,42.1,7.0,1.0,-3.0
28,De'Aaron Fox,SAS,27,62,27,35,36.1,23.5,8.7,18.8,46.3,1.9,6.1,31.0,4.2,5.1,82.7,0.9,3.9,4.8,6.3,2.8,1.5,0.4,2.6,41.6,9.0,0.0,-1.1
29,Zach LaVine,SAC,30,74,32,42,35.2,23.3,8.4,16.5,51.1,3.2,7.2,44.6,3.2,3.9,82.5,0.3,4.0,4.3,4.2,2.8,0.8,0.2,1.6,34.7,6.0,0.0,-0.9
30,Ja Morant,MEM,25,50,30,20,30.4,23.2,8.1,17.8,45.4,1.8,5.7,30.9,5.3,6.4,82.4,0.7,3.4,4.1,7.3,3.7,1.2,0.2,2.3,39.7,13.0,1.0,4.5
31,James Harden,LAC,35,79,50,29,35.3,22.8,6.7,16.4,41.0,3.0,8.5,35.2,6.4,7.3,87.4,0.7,5.1,5.8,8.7,4.3,1.5,0.7,2.1,45.0,38.0,3.0,4.4
32,Brandon Ingram,TOR,27,18,5,13,33.1,22.2,8.6,18.5,46.5,2.4,6.4,37.4,2.6,3.1,85.5,0.9,4.6,5.6,5.2,3.8,0.9,0.6,2.5,37.3,0.0,0.0,-7.1
33,DeMar DeRozan,SAC,35,77,38,39,35.9,22.2,8.1,17.0,47.7,1.1,3.3,32.8,4.9,5.7,85.7,0.6,3.2,3.9,4.4,1.4,0.8,0.4,1.9,35.8,3.0,0.0,1.4
34,Jaylen Brown,BOS,28,63,46,17,34.3,22.2,8.2,17.7,46.3,1.8,5.7,32.4,3.9,5.1,76.4,1.3,4.5,5.8,4.5,2.6,1.2,0.3,2.4,37.8,5.0,0.0,6.4
35,Jaren Jackson Jr.,MEM,25,74,42,32,29.8,22.2,8.0,16.4,48.8,2.0,5.3,37.5,4.2,5.4,78.1,1.2,4.4,5.6,2.0,2.1,1.2,1.5,3.5,38.2,6.0,0.0,4.5
36,Norman Powell,LAC,31,60,39,21,32.6,21.8,7.6,15.8,48.4,3.0,7.1,41.8,3.6,4.4,80.4,0.4,2.8,3.2,2.1,1.8,1.2,0.2,1.9,31.0,1.0,0.0,5.9
37,Jalen Williams,OKC,24,69,55,14,32.4,21.6,8.2,16.9,48.4,1.8,4.9,36.5,3.4,4.3,78.9,0.9,4.5,5.3,5.1,2.2,1.6,0.7,2.3,40.4,3.0,0.0,6.6
38,Kawhi Leonard,LAC,33,37,26,11,31.9,21.5,8.4,16.8,49.8,2.1,5.1,41.1,2.6,3.3,81.0,0.9,5.0,5.9,3.1,1.9,1.6,0.5,1.5,37.5,5.0,0.0,8.0
39,Jamal Murray,DEN,28,67,41,26,36.1,21.4,7.9,16.7,47.4,2.3,5.9,39.3,3.3,3.7,88.6,0.7,3.2,3.9,6.0,2.1,1.4,0.5,1.9,38.6,5.0,0.0,4.9
40,Trey Murphy III,NOP,24,53,14,39,35.0,21.2,7.2,15.8,45.4,3.0,8.3,36.1,3.8,4.3,88.7,0.9,4.2,5.1,3.5,1.9,1.1,0.7,2.1,36.0,2.0,0.0,-7.2
41,CJ McCollum,NOP,33,56,17,39,32.7,21.1,7.9,17.9,44.4,3.1,8.2,37.3,2.2,3.1,71.7,0.8,3.0,3.8,4.1,1.9,0.8,0.4,2.2,33.6,0.0,0.0,-5.0
42,RJ Barrett,TOR,24,58,23,35,32.2,21.1,7.9,16.9,46.8,1.8,5.3,35.0,3.4,5.4,63.0,1.1,5.3,6.3,5.4,2.8,0.8,0.3,2.4,37.2,10.0,2.0,-2.4
43,Brandon Miller,CHA,22,27,8,19,34.2,21.0,7.3,18.2,40.3,3.9,10.9,35.5,2.5,2.9,86.1,0.9,3.9,4.9,3.6,2.8,1.1,0.7,2.7,34.9,2.0,0.0,-4.6
44,Jalen Green,HOU,23,82,52,30,32.9,21.0,7.4,17.5,42.3,2.9,8.1,35.4,3.3,4.1,81.3,0.5,4.0,4.6,3.4,2.5,0.9,0.3,1.5,32.8,4.0,0.0,2.0
45,Darius Garland,CLE,25,75,60,15,30.7,20.6,7.4,15.7,47.2,2.8,7.1,40.1,3.0,3.4,87.8,0.6,2.2,2.9,6.7,2.5,1.2,0.1,1.9,35.7,7.0,0.0,6.7
46,Jordan Poole,WAS,25,68,15,53,29.4,20.5,6.7,15.5,43.2,3.5,9.1,37.8,3.6,4.0,88.3,0.5,2.5,3.0,4.5,3.0,1.3,0.4,3.0,32.7,1.0,0.0,-8.2
47,Coby White,CHI,25,74,35,39,33.1,20.4,6.9,15.1,45.3,2.9,7.9,37.0,3.7,4.1,90.2,0.3,3.4,3.7,4.5,2.4,0.9,0.2,2.1,32.6,2.0,0.0,-1.9
48,Miles Bridges,CHA,27,64,16,48,31.7,20.3,7.3,17.0,43.1,2.2,7.0,31.3,3.5,4.0,87.0,1.1,6.4,7.5,3.9,2.1,0.7,0.7,1.5,37.2,14.0,1.0,-4.0
49,Pascal Siakam,IND,31,78,47,31,32.7,20.2,7.9,15.2,51.9,1.6,4.2,38.9,2.9,3.9,73.4,1.7,5.2,6.9,3.4,1.4,0.9,0.5,2.4,36.5,11.0,0.0,4.0
50,Austin Reaves,LAL,26,73,46,27,34.9,20.2,6.5,14.2,46.0,2.7,7.3,37.7,4.4,5.0,87.7,0.8,3.7,4.5,5.8,2.4,1.1,0.3,2.1,36.1,9.0,1.0,2.7
51,Kristaps Porziņģis,BOS,29,42,30,12,28.8,19.5,6.6,13.7,48.3,2.5,6.0,41.2,3.8,4.7,80.9,1.6,5.1,6.8,2.1,1.3,0.7,1.5,2.8,36.2,6.0,0.0,4.1
52,Scottie Barnes,TOR,23,65,26,39,32.8,19.3,7.3,16.4,44.6,1.2,4.3,27.1,3.5,4.6,75.5,1.7,6.0,7.7,5.8,2.8,1.4,1.0,1.7,41.6,26.0,1.0,-2.0
53,Anfernee Simons,POR,25,70,28,42,32.7,19.3,6.8,16.1,42.6,3.1,8.5,36.3,2.5,2.8,90.2,0.4,2.3,2.7,4.8,2.0,0.9,0.1,1.7,30.5,2.0,0.0,-3.1
54,Desmond Bane,MEM,26,69,38,31,32.0,19.2,7.1,14.8,48.4,2.4,6.1,39.2,2.6,2.9,89.4,0.9,5.2,6.1,5.3,2.4,1.2,0.4,2.4,36.8,10.0,1.0,2.1
55,Domantas Sabonis,SAC,28,70,36,34,34.7,19.1,7.5,12.8,59.0,0.9,2.2,41.7,3.1,4.1,75.4,3.8,10.1,13.9,6.0,2.9,0.7,0.4,3.3,45.1,61.0,10.0,2.1
56,Alperen Sengun,HOU,22,76,52,24,31.5,19.1,7.5,15.0,49.6,0.3,1.2,23.3,3.9,5.6,69.2,3.4,6.9,10.3,4.9,2.6,1.1,0.8,2.8,42.0,45.0,4.0,5.4
57,Lauri Markkanen,UTA,27,47,9,38,31.4,19.0,6.3,14.9,42.3,2.9,8.5,34.6,3.4,3.9,87.6,1.5,4.4,5.9,1.5,1.4,0.7,0.4,1.7,30.1,5.0,0.0,-4.0
58,John Collins,UTA,27,40,12,28,30.5,19.0,7.0,13.3,52.7,1.5,3.7,39.9,3.5,4.1,84.8,2.2,6.0,8.2,2.0,2.6,1.0,1.0,2.9,35.1,13.0,0.0,-0.4
59,Jalen Johnson,ATL,23,36,18,18,35.7,18.9,7.5,15.1,50.0,1.2,3.9,31.2,2.6,3.5,74.6,1.7,8.3,10.0,5.0,2.9,1.6,1.0,1.9,43.1,20.0,1.0,1.5
60,Cameron Johnson,BKN,29,57,21,36,31.6,18.8,6.2,13.1,47.5,2.8,7.2,39.0,3.5,3.9,89.3,0.9,3.4,4.3,3.4,1.7,0.9,0.4,1.8,31.4,2.0,0.0,-3.5
61,Julius Randle,MIN,30,69,44,25,32.3,18.7,6.6,13.6,48.5,1.6,4.6,34.4,3.9,4.9,80.6,2.1,5.0,7.1,4.7,2.8,0.7,0.2,2.5,34.1,14.0,0.0,2.4
62,Tyrese Haliburton,IND,25,73,46,27,33.6,18.6,6.5,13.8,47.3,3.0,7.7,38.8,2.6,3.0,85.1,0.6,3.0,3.5,9.2,1.6,1.4,0.7,1.3,41.4,31.0,0.0,3.0
63,Shaedon Sharpe,POR,21,72,32,40,31.3,18.5,6.9,15.3,45.2,2.0,6.6,31.1,2.6,3.4,78.5,0.9,3.6,4.5,2.8,2.1,0.9,0.2,1.7,29.2,3.0,0.0,-1.9
64,Evan Mobley,CLE,23,71,58,13,30.5,18.5,7.1,12.8,55.7,1.2,3.2,37.0,3.1,4.3,72.5,2.3,7.0,9.3,3.2,2.0,0.9,1.6,2.0,39.8,37.0,0.0,7.7
65,Nikola Vučević,CHI,34,73,34,39,31.2,18.5,7.5,14.2,53.0,1.8,4.4,40.2,1.6,2.0,80.5,2.4,7.6,10.1,3.5,1.6,0.8,0.7,2.2,38.8,45.0,1.0,-1.3
66,Collin Sexton,UTA,26,63,14,49,27.9,18.4,6.6,13.8,48.0,1.7,4.3,40.6,3.4,4.0,86.5,1.0,1.8,2.7,4.2,2.5,0.7,0.1,2.3,27.9,2.0,0.0,-4.5
67,Michael Porter Jr.,DEN,26,77,47,30,33.7,18.2,6.9,13.6,50.4,2.5,6.4,39.5,1.9,2.5,76.8,1.8,5.2,7.0,2.1,1.4,0.6,0.5,2.0,31.9,15.0,0.0,3.4
68,Bam Adebayo,MIA,27,78,36,42,34.3,18.1,6.9,14.3,48.5,1.0,2.8,35.7,3.2,4.2,76.5,2.4,7.2,9.6,4.3,2.1,1.3,0.7,2.1,39.8,38.0,1.0,0.3
69,OG Anunoby,NYK,27,74,45,29,36.6,18.0,6.6,13.9,47.6,2.3,6.2,37.2,2.5,3.1,81.0,1.3,3.5,4.8,2.2,1.4,1.5,0.9,2.3,32.8,1.0,0.0,4.1
70,Andrew Wiggins,MIA,30,60,27,33,30.7,18.0,6.3,14.0,44.8,2.2,5.8,37.4,3.3,4.3,76.3,1.5,3.0,4.5,2.6,1.7,1.0,0.8,1.7,31.1,3.0,0.0,-1.7
71,Mikal Bridges,NYK,28,82,51,31,37.0,17.6,7.2,14.4,50.0,2.0,5.6,35.4,1.2,1.4,81.4,0.9,2.3,3.2,3.7,1.6,0.9,0.5,1.5,29.7,1.0,0.0,4.1
72,Jaden Ivey,DET,23,30,14,16,29.9,17.6,6.3,13.8,46.0,2.1,5.1,40.9,2.8,3.9,73.3,1.3,2.8,4.1,4.0,3.0,0.9,0.4,2.2,29.4,0.0,0.0,-2.1
73,Jimmy Butler III,GSW,35,55,36,19,31.7,17.5,5.5,10.9,50.4,0.6,1.9,30.8,6.0,7.1,84.2,2.3,3.1,5.4,5.4,1.3,1.4,0.3,0.9,35.9,6.0,3.0,4.5
74,Dejounte Murray,NOP,28,31,9,22,32.6,17.5,6.3,15.9,39.3,1.7,5.6,29.9,3.3,4.0,82.3,0.5,5.9,6.5,7.4,3.4,2.0,0.4,2.0,40.1,8.0,1.0,-6.7
75,Malik Monk,SAC,27,65,36,29,31.6,17.2,6.3,14.4,43.9,2.1,6.6,32.5,2.4,2.7,86.5,0.5,3.3,3.8,5.6,2.4,0.9,0.6,2.4,32.2,4.0,0.0,1.8
76,Immanuel Quickley,TOR,25,33,12,21,27.8,17.1,5.6,13.3,42.0,2.6,6.8,37.8,3.4,3.9,86.7,0.5,3.1,3.5,5.8,1.8,0.7,0.1,1.8,30.7,2.0,0.0,-1.2
77,Bradley Beal,PHX,31,53,22,31,32.1,17.0,6.5,13.1,49.7,1.9,5.0,38.6,2.1,2.6,80.3,0.6,2.7,3.3,3.7,1.9,1.1,0.5,2.6,29.5,1.0,0.0,-5.2
78,De'Andre Hunter,CLE,27,64,38,26,27.2,17.0,5.6,11.9,47.0,2.5,6.1,40.5,3.4,4.0,84.6,0.7,3.3,4.0,1.4,1.3,0.8,0.2,2.4,25.7,2.0,0.0,1.4
79,Deni Avdija,POR,24,72,33,39,30.0,16.9,5.6,11.7,47.6,1.7,4.8,36.5,4.0,5.2,78.0,1.5,5.7,7.3,3.9,2.7,1.0,0.5,2.4,33.2,17.0,2.0,-1.1
80,Keyonte George,UTA,21,67,13,54,31.5,16.8,5.4,13.7,39.1,2.6,7.6,34.3,3.5,4.3,81.8,0.4,3.4,3.8,5.6,2.7,0.7,0.1,1.7,29.5,4.0,0.0,-7.6
81,Ivica Zubac,LAC,28,80,50,30,32.8,16.8,7.4,11.8,62.8,0.0,0.0,0.0,2.0,3.0,66.1,3.8,8.9,12.6,2.7,1.6,0.7,1.1,2.1,39.8,59.0,1.0,6.4
82,Derrick White,BOS,30,76,58,18,33.9,16.4,5.6,12.6,44.2,3.5,9.1,38.4,1.8,2.1,83.9,0.9,3.6,4.5,4.8,1.7,0.9,1.1,1.8,33.2,4.0,0.0,7.1
83,Malik Beasley,DET,28,82,44,38,27.8,16.3,5.6,13.1,43.0,3.9,9.3,41.6,1.2,1.7,67.9,0.6,2.0,2.6,1.7,1.0,0.9,0.1,1.5,23.8,1.0,0.0,2.1
84,Devin Vassell,SAS,24,64,24,40,31.0,16.3,6.2,13.9,44.3,2.5,6.7,36.8,1.5,1.9,79.2,0.5,3.5,4.0,2.9,1.4,1.3,0.5,1.7,29.4,2.0,0.0,-4.1
85,Paul George,PHI,34,41,15,26,32.5,16.2,6.0,13.9,43.0,2.3,6.5,35.8,1.9,2.4,81.4,0.6,4.8,5.3,4.3,2.6,1.8,0.5,2.5,33.5,3.0,0.0,-2.0
86,Jordan Clarkson,UTA,32,37,10,27,26.0,16.2,5.4,13.3,40.8,2.3,6.3,36.2,3.1,3.9,79.7,0.7,2.5,3.2,3.7,2.3,0.8,0.2,1.4,26.6,0.0,0.0,-5.5
87,Jalen Suggs,ORL,23,35,20,15,28.6,16.2,5.6,13.7,41.0,2.2,6.9,31.4,2.8,3.1,88.2,0.7,3.4,4.0,3.7,2.9,1.5,0.9,2.8,30.8,0.0,0.0,0.1
88,Bennedict Mathurin,IND,22,72,43,29,29.9,16.1,5.4,11.8,45.8,1.4,4.0,34.0,3.8,4.6,83.1,1.2,4.1,5.3,1.9,1.9,0.7,0.3,2.3,26.4,8.0,0.0,1.3
89,Myles Turner,IND,29,72,44,28,30.2,15.6,5.4,11.3,48.1,2.2,5.5,39.6,2.6,3.3,77.3,1.3,5.3,6.5,1.5,1.7,0.8,2.0,2.5,32.3,13.0,0.0,2.8
90,Christian Braun,DEN,23,79,48,31,33.9,15.4,6.0,10.4,58.0,1.1,2.8,39.7,2.2,2.7,82.7,1.2,3.9,5.2,2.6,1.0,1.1,0.5,2.2,29.1,6.0,0.0,6.1
91,Jared McCain,PHI,21,23,7,16,25.7,15.3,5.5,11.9,46.0,2.2,5.8,38.3,2.1,2.4,87.5,0.6,1.9,2.4,2.6,1.6,0.7,0.0,1.6,22.5,1.0,0.0,-1.2
92,Jonathan Kuminga,GSW,22,47,28,19,24.3,15.3,5.5,12.1,45.4,1.0,3.2,30.5,3.3,5.0,66.8,1.2,3.4,4.6,2.2,1.5,0.8,0.4,1.9,26.4,2.0,0.0,0.2
93,Mark Williams,CHA,23,44,9,35,26.6,15.3,6.1,10.2,60.4,0.0,0.1,0.0,3.0,3.7,80.4,3.0,7.2,10.2,2.5,1.6,0.7,1.2,2.4,35.4,21.0,0.0,-6.8
94,Kelly Oubre Jr.,PHI,29,60,21,39,34.6,15.1,5.8,12.4,47.0,1.2,4.0,29.3,2.3,3.1,75.1,1.6,4.5,6.1,1.8,1.3,1.5,0.5,3.0,29.9,10.0,0.0,-4.3
95,Chet Holmgren,OKC,22,32,26,6,27.4,15.0,5.2,10.7,49.0,1.4,3.6,37.9,3.2,4.2,75.4,1.5,6.5,8.0,2.0,1.8,0.7,2.2,2.3,34.6,11.0,0.0,9.2
96,Kyle Kuzma,MIL,29,65,25,40,29.8,14.8,5.7,13.0,43.6,1.5,4.8,30.7,2.0,3.1,63.4,0.8,4.9,5.7,2.3,2.2,0.6,0.3,1.8,25.5,6.0,0.0,-6.4
97,Stephon Castle,SAS,20,81,33,48,26.7,14.7,5.2,12.2,42.8,1.2,4.1,28.5,3.1,4.2,72.4,1.1,2.6,3.7,4.1,2.2,0.9,0.3,2.0,26.6,6.0,0.0,-3.0
98,Aaron Gordon,DEN,29,51,33,18,28.4,14.7,5.2,9.7,53.1,1.5,3.4,43.6,2.8,3.5,81.0,1.6,3.3,4.8,3.2,1.4,0.5,0.3,1.6,26.0,3.0,0.0,5.9
99,P.J. Washington,DAL,26,57,31,26,32.2,14.7,5.3,11.7,45.3,1.6,4.2,38.1,2.5,3.5,72.2,1.4,6.3,7.8,2.3,2.1,1.1,1.1,2.3,31.8,14.0,0.0,0.9
100,Josh Giddey,CHI,22,70,33,37,30.2,14.6,5.3,11.4,46.5,1.5,4.0,37.8,2.5,3.2,78.1,1.8,6.3,8.1,7.2,2.9,1.2,0.6,1.7,37.7,30.0,7.0,-1.0
101,Quentin Grimes,PHI,24,75,29,46,26.8,14.6,5.1,11.0,46.7,2.2,5.6,38.5,2.2,2.9,75.7,0.8,3.5,4.3,3.0,1.9,1.0,0.3,1.8,26.3,4.0,0.0,-3.5
102,Jakob Poeltl,TOR,29,57,21,36,29.6,14.5,6.4,10.2,62.7,0.0,0.1,33.3,1.7,2.5,67.4,3.3,6.3,9.6,2.8,1.9,1.2,1.2,3.1,35.4,23.0,0.0,-0.6
103,Jerami Grant,POR,31,47,22,25,32.4,14.4,4.6,12.2,37.3,2.3,6.3,36.5,3.0,3.5,84.9,0.6,2.9,3.5,2.1,1.4,0.9,1.0,2.3,26.0,0.0,0.0,-4.3
104,Deandre Ayton,POR,26,40,17,23,30.1,14.4,6.6,11.7,56.6,0.2,0.8,18.8,1.0,1.5,66.7,3.1,7.1,10.2,1.6,1.7,0.8,1.0,2.2,32.5,20.0,0.0,-4.1
105,Gradey Dick,TOR,21,54,15,39,29.4,14.4,4.9,12.0,41.0,2.1,6.0,35.0,2.5,2.9,85.8,0.8,2.8,3.6,1.8,1.5,0.9,0.2,2.2,23.1,0.0,0.0,-3.9
106,Payton Pritchard,BOS,27,80,59,21,28.4,14.3,5.1,10.8,47.2,3.2,7.8,40.7,0.9,1.1,84.5,1.3,2.6,3.8,3.5,1.0,0.9,0.2,1.5,26.2,5.0,0.0,5.4
107,Naz Reid,MIN,25,80,47,33,27.5,14.2,5.3,11.5,46.2,2.2,5.8,37.9,1.4,1.8,77.6,1.2,4.9,6.0,2.3,1.4,0.7,0.9,2.4,28.3,10.0,0.0,4.3
108,Dyson Daniels,ATL,22,76,37,39,33.8,14.1,6.0,12.1,49.3,1.1,3.1,34.0,1.1,1.8,59.3,1.6,4.3,5.9,4.4,2.0,3.0,0.7,2.3,37.0,9.0,0.0,-0.9
109,Tre Mann,CHA,24,13,6,7,24.5,14.1,5.4,12.4,43.5,1.8,4.6,40.0,1.5,1.6,90.5,0.9,2.0,2.9,3.0,1.9,0.5,0.3,1.8,22.7,0.0,0.0,-4.2
110,Fred VanVleet,HOU,31,60,41,19,35.2,14.1,4.8,12.7,37.8,2.7,7.7,34.5,1.9,2.3,81.0,0.5,3.2,3.7,5.6,1.5,1.6,0.4,2.3,31.3,4.0,0.0,4.4
111,Amen Thompson,HOU,22,69,43,26,32.3,14.1,5.6,10.1,55.7,0.4,1.3,27.5,2.4,3.6,68.4,2.8,5.4,8.2,3.8,2.0,1.4,1.3,2.4,35.7,21.0,3.0,3.9
112,Dillon Brooks,HOU,29,75,49,26,31.8,14.0,5.1,11.9,42.9,2.5,6.3,39.7,1.3,1.6,81.8,1.0,2.7,3.7,1.7,1.0,0.8,0.2,3.2,23.0,0.0,0.0,2.8
113,Tolu Smith,DET,24,1,0,1,22.4,14.0,6.0,9.0,66.7,0.0,0.0,0.0,2.0,3.0,66.7,4.0,4.0,8.0,0.0,2.0,0.0,0.0,3.0,21.6,0.0,0.0,7.0
114,Klay Thompson,DAL,35,72,33,39,27.3,14.0,5.0,12.2,41.2,3.0,7.7,39.1,0.9,1.0,90.5,0.6,2.8,3.4,2.0,1.2,0.7,0.4,1.1,23.2,0.0,0.0,-1.1
115,Bobby Portis,MIL,30,49,30,19,25.4,13.9,5.7,12.1,46.6,1.3,3.6,36.5,1.2,1.5,83.6,1.8,6.6,8.4,2.1,1.2,0.7,0.5,1.9,29.7,11.0,0.0,1.9
116,Tobias Harris,DET,32,73,40,33,31.6,13.7,5.3,11.0,47.7,1.2,3.6,34.5,2.0,2.3,86.1,0.9,5.0,5.9,2.2,1.2,1.0,0.8,1.9,28.4,5.0,0.0,2.6
117,Josh Hart,NYK,30,77,48,29,37.6,13.6,5.2,10.0,52.5,1.1,3.3,33.3,2.1,2.7,77.6,2.1,7.5,9.6,5.9,2.1,1.5,0.4,2.6,37.6,34.0,9.0,2.6
118,Jarrett Allen,CLE,26,82,64,18,28.0,13.5,5.5,7.8,70.6,0.0,0.1,0.0,2.4,3.4,71.8,2.6,7.1,9.7,1.9,1.2,0.9,0.9,1.5,32.3,40.0,0.0,6.3
119,Onyeka Okongwu,ATL,24,74,35,39,27.9,13.4,5.2,9.2,56.7,0.6,2.0,32.4,2.2,2.9,75.9,3.0,5.9,8.9,2.3,1.2,0.9,0.9,2.6,31.8,28.0,0.0,0.5
120,Russell Westbrook,DEN,36,75,43,32,27.9,13.3,5.0,11.1,44.9,1.3,3.9,32.3,2.1,3.1,66.1,1.4,3.6,4.9,6.1,3.2,1.4,0.5,2.5,30.8,13.0,4.0,-0.3
121,Naji Marshall,DAL,27,69,32,37,27.8,13.2,5.2,10.3,50.8,0.9,3.2,27.5,1.9,2.3,81.3,1.1,3.7,4.8,3.0,1.6,1.0,0.2,1.6,25.4,6.0,0.0,-2.0
122,Rui Hachimura,LAL,27,59,37,22,31.7,13.1,5.0,9.8,50.9,1.7,4.2,41.3,1.5,1.9,77.0,1.3,3.7,5.0,1.4,0.8,0.8,0.4,1.8,24.0,1.0,0.0,2.7
123,Dennis Schröder,DET,31,75,37,38,28.1,13.1,4.5,11.0,40.6,1.7,4.9,34.2,2.4,2.9,83.8,0.4,2.3,2.6,5.4,1.9,0.9,0.2,2.4,25.5,7.0,0.0,-1.0
124,Brook Lopez,MIL,37,80,47,33,31.8,13.0,4.9,9.7,50.9,1.7,4.7,37.3,1.4,1.7,82.6,1.4,3.6,5.0,1.8,1.1,0.6,1.9,2.1,28.1,4.0,0.0,1.7
125,Alex Sarr,WAS,19,67,13,54,27.1,13.0,4.9,12.4,39.4,1.6,5.1,30.8,1.7,2.5,67.9,1.9,4.6,6.5,2.4,1.7,0.7,1.5,2.2,29.2,10.0,0.0,-8.1
126,Moritz Wagner,ORL,27,30,18,12,18.8,12.9,4.7,8.3,56.2,0.9,2.5,36.0,2.6,3.7,71.8,1.3,3.6,4.9,1.4,1.6,0.8,0.4,1.8,22.9,1.0,0.0,-0.6
127,Keldon Johnson,SAS,25,77,31,46,23.9,12.7,4.8,10.0,48.2,1.1,3.6,31.8,1.9,2.5,77.3,1.5,3.4,4.8,1.6,1.0,0.6,0.3,1.5,22.7,3.0,0.0,-2.8
128,Malcolm Brogdon,WAS,32,24,6,18,23.5,12.7,4.3,10.0,43.3,0.7,2.3,28.6,3.4,3.8,88.0,0.9,2.9,3.8,4.1,1.6,0.5,0.2,1.3,24.1,2.0,0.0,-5.0
129,Scoot Henderson,POR,21,66,30,36,26.7,12.7,4.3,10.4,41.9,1.6,4.5,35.4,2.4,3.1,76.7,0.8,2.2,3.0,5.1,2.7,1.0,0.2,2.7,24.9,2.0,0.0,-0.6
130,D'Angelo Russell,BKN,29,58,26,32,25.5,12.6,4.3,11.0,39.0,1.9,6.2,31.4,2.1,2.5,83.4,0.3,2.4,2.8,5.1,1.9,1.0,0.4,2.0,25.9,4.0,0.0,0.0
131,Zaccharie Risacher,ATL,20,75,38,37,24.6,12.6,4.8,10.4,45.8,1.6,4.6,35.5,1.4,2.0,71.1,1.1,2.4,3.6,1.2,1.2,0.7,0.5,2.0,21.0,1.0,0.0,-1.6
132,Ty Jerome,CLE,27,70,55,15,19.9,12.5,4.6,8.8,51.6,1.6,3.6,43.9,1.8,2.1,87.2,0.7,1.8,2.5,3.4,1.3,1.1,0.0,1.5,22.7,0.0,0.0,4.3
133,Santi Aldama,MEM,24,65,38,27,25.5,12.5,4.8,10.0,48.3,1.8,5.0,36.8,1.0,1.4,69.1,1.4,5.0,6.4,2.9,1.1,0.8,0.4,1.2,27.1,10.0,0.0,2.3
134,Keegan Murray,SAC,24,76,36,40,34.3,12.4,4.8,10.8,44.4,2.0,5.9,34.3,0.8,0.9,83.3,1.9,4.8,6.7,1.4,0.8,0.8,0.9,2.4,26.9,11.0,0.0,0.6
135,Lonnie Walker IV,PHI,26,20,3,17,23.8,12.4,4.5,10.6,42.0,2.3,6.4,35.4,1.2,1.5,80.0,0.3,2.9,3.2,2.5,1.3,0.5,0.3,1.4,20.9,1.0,0.0,-7.1
136,Harrison Barnes,SAS,32,82,34,48,27.2,12.3,4.2,8.3,50.8,1.9,4.4,43.3,2.0,2.4,80.9,1.2,2.6,3.8,1.7,0.6,0.5,0.2,0.9,20.7,1.0,0.0,-0.3
137,Bilal Coulibaly,WAS,20,59,13,46,33.0,12.3,4.5,10.6,42.1,1.1,3.8,28.1,2.3,3.1,74.6,1.5,3.4,5.0,3.4,2.1,1.3,0.7,2.4,27.3,3.0,1.0,-9.9
138,Ayo Dosunmu,CHI,25,46,17,29,30.3,12.3,4.8,9.8,49.2,1.3,4.1,32.8,1.3,1.7,78.5,0.6,2.9,3.5,4.5,1.5,0.9,0.4,2.3,25.8,1.0,1.0,-5.1
139,Daniel Gafford,DAL,26,57,28,29,21.5,12.3,5.0,7.1,70.2,0.0,0.0,0.0,2.4,3.4,68.9,2.7,4.1,6.8,1.4,1.2,0.4,1.8,2.7,28.0,8.0,0.0,0.6
140,Jabari Smith Jr.,HOU,21,57,40,17,30.1,12.2,4.4,9.9,43.8,1.7,4.9,35.4,1.8,2.2,82.5,1.8,5.2,7.0,1.1,1.1,0.4,0.7,2.2,24.6,8.0,0.0,4.4
141,Jaden McDaniels,MIN,24,82,49,33,31.9,12.2,4.9,10.2,47.7,1.2,3.7,33.0,1.3,1.6,81.3,1.6,4.2,5.7,2.0,1.2,1.3,0.9,2.7,27.6,10.0,0.0,2.1
142,Caris LeVert,ATL,30,64,46,18,24.9,12.1,4.4,9.4,46.7,1.7,4.4,37.3,1.7,2.4,71.0,0.6,2.5,3.2,3.4,1.2,0.9,0.5,1.5,24.0,1.0,0.0,4.0
143,Drew Timme,BKN,24,9,3,6,28.2,12.1,5.0,11.3,44.1,1.0,3.9,25.7,1.1,1.8,62.5,1.9,5.3,7.2,2.2,1.7,0.4,0.1,2.3,24.1,3.0,0.0,-7.3
144,Tari Eason,HOU,23,57,36,21,24.9,12.0,4.8,9.8,48.7,1.1,3.2,34.2,1.4,1.8,76.0,2.2,4.1,6.4,1.5,1.1,1.7,0.9,2.4,28.4,6.0,0.0,2.5
145,Rudy Gobert,MIN,32,72,43,29,33.2,12.0,4.7,7.1,66.9,0.0,0.0,0.0,2.6,3.8,67.4,3.7,7.2,10.9,1.8,1.2,0.8,1.4,2.5,33.2,36.0,0.0,4.5
146,Aaron Wiggins,OKC,26,76,62,14,22.9,12.0,4.7,9.6,48.8,1.7,4.5,38.3,1.0,1.2,83.1,1.1,2.8,3.9,1.8,0.9,0.8,0.2,1.3,21.5,2.0,0.0,6.8
147,Aaron Nesmith,IND,25,45,29,16,24.9,12.0,4.3,8.4,50.7,1.9,4.3,43.1,1.6,1.8,91.3,0.8,3.1,4.0,1.2,0.8,0.8,0.4,2.5,21.2,0.0,0.0,4.4
148,Khris Middleton,WAS,33,37,18,19,22.8,11.9,4.3,9.1,47.5,1.3,3.6,36.1,1.9,2.3,85.7,0.4,3.4,3.7,4.1,1.5,0.9,0.2,2.0,24.4,0.0,0.0,1.1
149,Jalen Duren,DET,21,78,43,35,26.1,11.8,4.8,7.0,69.2,0.0,0.0,0.0,2.1,3.1,66.9,3.6,6.8,10.3,2.7,1.7,0.7,1.1,3.2,32.0,41.0,0.0,0.5
150,Brandin Podziemski,GSW,22,64,38,26,26.8,11.7,4.4,9.8,44.5,1.8,4.8,37.2,1.1,1.5,75.8,1.0,4.1,5.1,3.4,1.2,1.1,0.2,1.5,25.6,2.0,0.0,4.1
151,Donte DiVincenzo,MIN,28,62,37,25,25.9,11.7,4.0,9.6,42.2,2.8,7.1,39.7,0.8,1.0,77.8,0.5,3.2,3.7,3.6,1.6,1.2,0.3,1.8,24.3,1.0,0.0,2.8
152,Corey Kispert,WAS,26,61,14,47,26.3,11.6,4.2,9.3,45.1,2.0,5.4,36.4,1.2,1.4,85.2,0.6,2.4,3.0,1.7,1.0,0.4,0.2,1.6,18.6,0.0,0.0,-4.5
153,Jeremy Sochan,SAS,21,54,21,33,25.3,11.4,4.6,8.7,53.5,0.5,1.7,30.8,1.6,2.3,69.6,2.4,4.2,6.5,2.4,1.6,0.8,0.5,2.4,25.2,8.0,0.0,-1.6
154,Toumani Camara,POR,24,78,33,45,32.7,11.3,4.2,9.2,45.8,1.7,4.6,37.5,1.2,1.6,72.2,2.2,3.6,5.8,2.2,1.4,1.5,0.6,2.9,26.6,4.0,0.0,-1.5
155,Isaiah Hartenstein,OKC,26,57,49,8,27.9,11.2,4.9,8.4,58.1,0.0,0.3,0.0,1.4,2.1,67.5,2.9,7.9,10.7,3.8,1.7,0.8,1.1,3.0,33.8,28.0,0.0,7.3
156,Gary Trent Jr.,MIL,26,74,44,30,25.6,11.1,3.8,8.9,43.1,2.4,5.9,41.6,1.1,1.2,84.8,0.3,2.0,2.3,1.2,0.6,1.0,0.1,1.7,18.1,0.0,0.0,0.9
157,Buddy Hield,GSW,32,82,48,34,22.7,11.1,4.0,9.6,41.7,2.5,6.7,37.0,0.6,0.8,82.8,0.6,2.6,3.2,1.6,1.1,0.8,0.3,1.6,19.7,0.0,0.0,1.7
158,Jrue Holiday,BOS,34,62,47,15,30.6,11.1,4.1,9.2,44.3,1.7,4.9,35.3,1.1,1.2,90.9,1.2,3.0,4.3,3.9,1.2,1.1,0.4,1.6,25.2,1.0,0.0,5.5
159,Walker Kessler,UTA,23,58,14,44,30.0,11.1,4.8,7.2,66.3,0.1,0.6,17.6,1.4,2.6,52.0,4.6,7.6,12.2,1.7,1.5,0.6,2.4,2.2,35.7,28.0,0.0,-5.7
160,Duncan Robinson,MIA,30,74,30,44,24.1,11.0,3.9,9.0,43.7,2.6,6.5,39.3,0.6,0.7,88.7,0.2,2.0,2.3,2.4,1.2,0.5,0.1,1.8,18.0,0.0,0.0,0.9
161,Spencer Dinwiddie,DAL,32,79,37,42,27.0,11.0,3.6,8.6,41.6,1.4,4.1,33.4,2.5,3.1,80.2,0.2,2.4,2.6,4.4,1.3,0.9,0.2,1.5,22.9,5.0,0.0,-2.8
162,Guerschon Yabusele,PHI,29,70,23,47,27.1,11.0,4.0,8.0,50.1,1.5,3.9,38.0,1.4,2.0,72.5,1.9,3.7,5.6,2.1,1.2,0.8,0.3,2.3,23.2,3.0,0.0,-1.7
163,Tim Hardaway Jr.,DET,33,77,41,36,28.0,11.0,3.6,8.8,40.6,2.2,5.9,36.8,1.6,1.9,85.5,0.2,2.1,2.4,1.6,0.6,0.5,0.1,1.2,17.3,0.0,0.0,0.3
164,Brice Sensabaugh,UTA,21,71,14,57,20.2,10.9,3.9,8.4,45.9,2.2,5.2,42.2,0.9,1.0,89.0,0.6,2.4,3.0,1.5,1.5,0.6,0.1,1.6,17.5,0.0,0.0,-4.0
165,Bogdan Bogdanović,LAC,32,54,33,21,25.0,10.8,3.9,9.1,42.7,1.9,5.4,36.3,1.1,1.2,87.9,0.4,2.5,2.9,2.7,1.4,0.8,0.2,2.4,19.9,1.0,0.0,2.0
166,Jordan Hawkins,NOP,22,56,18,38,23.6,10.8,3.7,9.9,37.2,2.0,5.9,33.1,1.4,1.8,81.6,0.4,2.4,2.8,1.2,1.0,0.5,0.4,0.9,17.7,0.0,0.0,-5.7
167,Nikola Jović,MIA,21,46,21,25,25.1,10.7,3.7,8.2,45.6,1.7,4.6,37.1,1.6,1.9,82.8,0.6,3.3,3.9,2.8,1.3,0.8,0.3,1.8,21.7,0.0,0.0,-0.4
168,Brandon Boston,NOP,23,42,8,34,23.6,10.7,4.0,9.1,43.6,1.2,3.3,35.0,1.6,2.0,78.8,0.7,2.5,3.2,2.2,1.2,1.3,0.2,1.7,21.0,0.0,0.0,-3.3
169,Grayson Allen,PHX,29,64,29,35,24.1,10.6,3.4,7.6,44.8,2.3,5.5,42.6,1.5,1.8,81.6,0.5,2.5,3.0,2.1,1.2,0.8,0.3,1.5,19.7,1.0,0.0,-1.2
170,Keon Johnson,BKN,23,79,25,54,24.4,10.6,3.8,9.9,38.9,1.6,5.1,31.4,1.4,1.8,77.0,0.8,3.0,3.8,2.2,1.5,1.0,0.4,2.6,21.2,0.0,0.0,-5.4
171,Terry Rozier,MIA,31,64,27,37,25.9,10.6,3.9,9.9,39.1,1.4,4.8,29.5,1.4,1.7,85.2,0.7,3.0,3.7,2.6,1.2,0.6,0.2,1.1,20.2,0.0,0.0,-2.2
172,Obi Toppin,IND,27,79,48,31,19.6,10.5,4.0,7.6,52.9,1.4,3.8,36.5,1.1,1.4,78.1,0.7,3.3,4.0,1.6,0.9,0.6,0.4,1.4,19.8,2.0,0.0,-1.0
173,Ochai Agbaji,TOR,24,64,19,45,27.2,10.4,4.2,8.3,49.8,1.6,4.0,39.9,0.5,0.8,70.8,1.0,2.8,3.8,1.5,0.8,0.9,0.5,2.0,20.5,0.0,0.0,-3.3
174,Jaylen Wells,MEM,21,79,47,32,25.9,10.4,3.6,8.6,42.5,1.7,5.0,35.2,1.4,1.7,82.2,1.1,2.3,3.4,1.7,0.9,0.6,0.1,1.8,18.2,1.0,0.0,2.4
175,Jonas Valančiūnas,SAC,32,81,23,58,18.8,10.4,4.3,7.7,55.0,0.1,0.5,21.6,1.8,2.0,87.9,2.3,5.4,7.7,2.0,1.5,0.5,0.6,2.2,24.3,21.0,0.0,-3.8
176,Grant Williams,CHA,26,16,6,10,29.9,10.4,3.4,7.7,43.9,1.7,4.6,36.5,1.9,2.3,83.8,1.1,4.0,5.1,2.3,1.8,1.1,0.8,2.9,24.1,0.0,0.0,0.6
177,Nic Claxton,BKN,25,70,20,50,26.9,10.3,4.6,8.1,56.3,0.1,0.3,23.8,1.1,2.2,51.3,2.2,5.1,7.4,2.2,1.2,0.9,1.4,2.1,28.2,13.0,0.0,-7.1
178,Jose Alvarado,NOP,27,56,19,37,24.4,10.3,3.6,9.3,39.2,2.0,5.5,35.9,1.1,1.3,81.1,0.5,1.9,2.4,4.6,1.5,1.3,0.3,1.6,23.4,2.0,0.0,-4.1
179,De'Anthony Melton,BKN,26,6,4,2,20.2,10.3,3.7,9.0,40.7,2.2,5.8,37.1,0.8,1.3,62.5,1.0,2.3,3.3,2.8,1.7,1.2,0.3,3.0,21.4,1.0,0.0,4.5
180,Kevin Porter Jr.,MIL,24,75,43,32,19.8,10.3,3.9,8.7,44.9,0.7,2.4,31.1,1.7,2.3,76.9,0.6,3.1,3.7,3.4,1.8,1.1,0.2,1.6,21.8,2.0,1.0,0.4
181,Herbert Jones,NOP,26,20,5,15,32.4,10.3,3.8,8.6,43.6,1.1,3.6,30.6,1.7,2.0,82.5,1.1,2.8,3.9,3.3,1.8,1.9,0.5,3.3,25.0,0.0,0.0,-1.0
182,Tyus Jones,PHX,28,81,36,45,26.8,10.2,3.8,8.4,44.8,2.0,5.0,41.4,0.6,0.7,89.5,0.5,1.9,2.4,5.3,1.1,0.9,0.1,0.8,22.8,6.0,0.0,-1.1
183,Trendon Watford,BKN,24,44,16,28,20.7,10.2,3.7,8.0,46.9,0.7,2.0,33.0,2.1,2.8,76.2,0.8,2.8,3.6,2.6,1.9,0.6,0.3,2.2,19.3,1.0,0.0,-1.5
184,Isaiah Joe,OKC,25,74,63,11,21.7,10.2,3.5,7.9,44.0,2.6,6.3,41.2,0.6,0.8,82.1,0.6,2.1,2.6,1.6,0.5,0.6,0.1,1.5,17.6,0.0,0.0,7.4
185,Derrick Jones Jr.,LAC,28,77,48,29,24.3,10.1,4.0,7.6,52.6,1.0,2.8,35.6,1.1,1.5,70.3,1.2,2.2,3.4,0.8,0.9,1.0,0.4,2.0,18.9,0.0,0.0,3.2
186,Keion Brooks Jr.,NOP,24,14,2,12,23.7,10.1,3.8,7.8,48.6,1.0,3.1,32.6,1.6,2.1,73.3,0.9,3.3,4.1,0.9,0.9,0.7,0.7,2.1,19.9,1.0,0.0,-10.4
187,Luguentz Dort,OKC,25,71,57,14,29.2,10.1,3.6,8.4,43.5,2.4,5.8,41.2,0.5,0.6,71.7,1.3,2.9,4.1,1.6,0.7,1.1,0.5,2.9,21.8,0.0,0.0,7.7
188,Justin Edwards,PHI,21,44,11,33,26.2,10.1,3.9,8.6,45.5,1.6,4.3,36.3,0.7,1.0,69.6,1.0,2.3,3.4,1.6,1.1,1.0,0.4,2.2,19.5,1.0,0.0,-6.4
189,Ausar Thompson,DET,22,59,34,25,22.5,10.1,4.2,7.8,53.5,0.2,0.8,22.4,1.5,2.4,64.1,1.9,3.3,5.1,2.3,1.4,1.7,0.7,2.8,25.3,3.0,0.0,1.1
190,Andrew Nembhard,IND,25,65,44,21,28.9,10.0,3.8,8.3,45.8,0.8,2.7,29.1,1.7,2.1,79.4,0.5,2.8,3.3,5.0,1.7,1.2,0.2,2.3,24.0,2.0,0.0,3.1
191,Chris Boucher,TOR,32,50,18,32,17.2,10.0,3.6,7.4,49.2,1.4,3.9,36.3,1.4,1.7,78.2,1.4,3.1,4.5,0.7,0.6,0.5,0.5,1.4,18.8,3.0,0.0,0.1
192,Ziaire Williams,BKN,23,63,22,41,24.5,10.0,3.4,8.3,41.2,1.6,4.8,34.1,1.6,2.0,82.1,1.0,3.6,4.6,1.3,1.1,1.0,0.4,2.4,20.7,2.0,0.0,-5.2
193,Julian Champagnie,SAS,23,82,34,48,23.6,9.9,3.4,8.1,41.5,2.2,5.9,37.1,1.0,1.1,90.4,0.8,3.1,3.9,1.4,0.9,0.7,0.4,1.4,19.2,0.0,0.0,-0.8
194,Georges Niang,ATL,31,79,55,24,21.5,9.9,3.6,7.8,46.1,2.1,5.2,40.6,0.6,0.7,79.3,0.6,2.8,3.4,1.4,1.0,0.4,0.2,2.5,16.7,1.0,0.0,2.5
195,Kevin Huerter,CHI,26,69,39,30,24.3,9.9,3.7,8.8,42.5,1.9,5.7,33.8,0.5,0.7,71.4,0.4,2.5,3.0,2.3,1.0,1.0,0.3,1.8,19.7,0.0,0.0,1.5
196,Scotty Pippen Jr.,MEM,24,79,46,33,21.3,9.9,3.6,7.5,48.0,1.1,2.8,39.7,1.5,2.2,71.3,0.8,2.5,3.3,4.4,1.7,1.3,0.4,2.6,23.7,9.0,1.0,0.6
197,Nick Smith Jr.,CHA,20,60,14,46,22.8,9.9,3.7,9.5,39.1,1.7,5.1,34.0,0.7,0.8,93.5,0.2,1.9,2.1,2.4,1.4,0.3,0.1,1.3,15.8,1.0,0.0,-6.6
198,Bub Carrington,WAS,19,82,18,64,30.0,9.8,3.7,9.1,40.1,1.7,5.0,33.9,0.8,1.0,81.2,0.4,3.8,4.2,4.4,1.7,0.7,0.3,2.3,22.5,5.0,0.0,-9.7
199,Moses Moody,GSW,22,74,45,29,22.3,9.8,3.3,7.7,43.3,1.7,4.6,37.4,1.4,1.8,79.7,0.7,1.9,2.6,1.3,0.7,0.8,0.4,1.6,17.7,0.0,0.0,1.8
200,Amir Coffey,LAC,27,72,41,31,24.3,9.7,3.3,7.1,47.1,1.4,3.4,40.9,1.6,1.8,89.1,0.4,1.8,2.2,1.1,0.6,0.6,0.1,1.7,15.3,0.0,0.0,-0.9
201,Max Christie,DAL,22,78,40,38,27.3,9.6,3.2,7.6,42.7,1.5,4.0,36.6,1.7,1.9,85.5,0.5,2.8,3.3,1.9,1.1,0.8,0.4,1.5,18.9,0.0,0.0,-1.1
202,Kyle Filipowski,UTA,21,72,13,59,21.1,9.6,3.6,7.2,50.2,1.1,3.1,35.0,1.3,2.0,65.0,1.6,4.6,6.1,1.9,1.4,0.7,0.3,2.4,21.3,13.0,0.0,-5.1
203,Miles McBride,NYK,24,64,39,25,24.9,9.5,3.5,8.5,40.6,1.8,4.9,36.9,0.8,1.0,81.3,0.7,1.8,2.5,2.9,0.6,1.0,0.3,1.7,20.2,0.0,0.0,3.3
204,Tosan Evbuomwan,BKN,24,28,8,20,23.7,9.5,3.4,7.9,42.7,0.9,2.8,31.2,2.0,2.6,75.3,1.1,3.1,4.3,2.0,1.4,0.9,0.4,2.0,19.9,0.0,0.0,-2.4
205,Jalen Wilson,BKN,24,79,25,54,25.7,9.5,3.1,7.8,39.7,1.5,4.6,33.7,1.7,2.1,81.8,0.9,2.5,3.4,1.8,1.0,0.5,0.1,2.1,17.0,0.0,0.0,-3.3
206,Anthony Black,ORL,21,78,39,39,24.2,9.4,3.4,7.9,42.3,0.8,2.5,31.8,1.9,2.5,76.1,0.7,2.3,2.9,3.1,1.8,1.1,0.6,2.1,21.0,1.0,0.0,-0.5
207,Tristan Vukcevic,WAS,22,35,7,28,14.6,9.4,3.4,6.9,49.6,1.1,2.9,37.3,1.5,1.9,77.6,0.7,3.0,3.7,1.1,1.2,0.3,0.7,1.6,17.3,1.0,0.0,-3.6
208,Nickeil Alexander-Walker,MIN,26,82,49,33,25.3,9.4,3.3,7.5,43.8,1.7,4.5,38.1,1.1,1.4,78.0,0.7,2.6,3.2,2.7,1.2,0.6,0.4,1.7,19.3,1.0,0.0,3.3
209,Max Strus,CLE,29,50,39,11,25.5,9.4,3.3,7.5,44.2,2.3,5.9,38.6,0.6,0.7,82.4,1.1,3.3,4.3,3.2,1.1,0.5,0.2,2.1,20.6,0.0,0.0,4.4
210,Cole Anthony,ORL,24,67,35,32,18.4,9.4,3.4,8.1,42.4,1.1,3.3,35.3,1.4,1.7,82.3,0.7,2.4,3.0,2.9,1.5,0.7,0.5,2.3,19.2,0.0,0.0,-0.2
211,Cam Whitmore,HOU,20,51,30,21,16.2,9.4,3.5,7.9,44.4,1.3,3.6,35.5,1.1,1.4,75.0,0.7,2.3,3.0,1.0,0.9,0.6,0.3,0.9,16.0,2.0,0.0,0.0
212,Kel'el Ware,MIA,20,64,28,36,22.2,9.3,4.0,7.3,55.4,0.5,1.7,31.5,0.7,1.0,68.7,1.8,5.6,7.4,0.9,0.9,0.6,1.1,1.7,23.8,15.0,0.0,0.6
213,Nick Richards,PHX,27,57,17,40,22.0,9.3,3.6,6.1,59.1,0.0,0.0,0.0,2.1,2.8,74.4,2.6,5.6,8.2,0.9,1.4,0.2,1.0,2.5,22.6,16.0,0.0,-4.1
214,Zach Edey,MEM,22,66,35,31,21.5,9.2,3.8,6.6,58.0,0.3,0.8,34.6,1.4,1.9,70.9,3.5,4.8,8.3,1.0,1.3,0.5,1.3,2.8,24.9,12.0,0.0,2.5
215,Noah Clowney,BKN,20,46,11,35,22.7,9.1,2.9,8.1,35.8,1.9,5.7,33.3,1.5,1.7,83.8,0.9,3.0,3.9,0.9,1.0,0.5,0.5,2.3,17.1,0.0,0.0,-5.7
216,T.J. McConnell,IND,33,79,49,30,17.9,9.1,4.1,7.9,51.9,0.2,0.6,30.6,0.7,1.0,74.0,0.6,1.9,2.4,4.4,1.4,1.1,0.3,1.0,21.3,2.0,0.0,-0.7
217,Yves Missi,NOP,20,73,19,54,26.8,9.1,3.7,6.7,54.7,0.0,0.0,0.0,1.7,2.8,62.3,3.5,4.7,8.2,1.4,1.1,0.5,1.3,2.0,25.4,14.0,0.0,-7.0
218,Wendell Carter Jr.,ORL,26,68,31,37,25.9,9.1,3.3,7.2,46.0,0.5,2.3,23.4,1.9,2.6,73.7,2.2,5.0,7.2,2.0,1.1,0.8,0.6,2.9,23.7,10.0,0.0,-0.2
219,A.J. Lawson,TOR,24,26,14,12,18.7,9.1,3.1,7.3,42.1,1.3,3.9,32.7,1.7,2.4,68.3,0.8,2.5,3.3,1.2,0.6,0.5,0.2,1.7,16.5,2.0,0.0,-0.7
220,Royce O'Neale,PHX,31,75,33,42,24.5,9.1,3.2,7.6,42.3,2.4,5.9,40.6,0.3,0.3,73.1,0.7,3.9,4.7,2.2,0.9,0.9,0.5,2.0,21.1,1.0,0.0,-2.1
221,Dalton Knecht,LAL,23,78,47,31,19.2,9.1,3.3,7.1,46.1,1.6,4.4,37.6,0.8,1.1,76.2,0.5,2.3,2.8,0.8,0.5,0.3,0.1,1.2,14.4,0.0,0.0,-0.9
222,Julian Strawther,DEN,22,65,41,24,21.3,9.0,3.2,7.5,43.2,1.4,4.1,34.9,1.1,1.4,82.2,0.3,1.9,2.2,1.3,0.9,0.6,0.2,2.3,15.2,0.0,0.0,-1.1
223,Jared Butler,PHI,24,60,6,54,17.4,9.0,3.4,7.6,44.8,1.0,2.8,35.5,1.3,1.5,82.4,0.4,1.4,1.8,3.7,1.3,0.7,0.2,1.6,18.1,1.0,0.0,-2.2
224,Draymond Green,GSW,35,68,42,26,29.2,9.0,3.2,7.5,42.4,1.2,3.6,32.5,1.5,2.2,68.7,1.1,5.0,6.1,5.6,2.6,1.5,1.0,3.2,29.7,6.0,1.0,4.0
225,Killian Hayes,BKN,23,6,1,5,27.1,9.0,3.0,7.2,41.9,1.3,3.5,38.1,1.7,2.0,83.3,0.8,2.2,3.0,5.2,1.5,0.7,0.7,2.2,22.9,0.0,0.0,-4.0
226,Patrick Williams,CHI,23,63,31,32,25.0,9.0,3.3,8.2,39.7,1.5,4.3,35.3,1.0,1.3,72.3,0.7,3.1,3.8,2.0,1.4,0.8,0.5,1.4,18.9,1.0,0.0,-2.9
227,Marcus Smart,WAS,31,34,17,17,20.0,9.0,3.0,7.6,39.3,1.4,4.1,34.8,1.6,2.1,76.1,0.5,1.6,2.1,3.2,1.6,1.1,0.3,1.6,19.0,0.0,0.0,1.2
228,Al Horford,BOS,38,60,44,16,27.6,9.0,3.3,7.7,42.3,1.9,5.2,36.3,0.6,0.6,89.5,1.3,4.8,6.2,2.1,0.8,0.6,0.9,1.4,23.1,7.0,0.0,6.6
229,Johnny Juzang,UTA,24,64,15,49,19.8,8.9,3.2,7.4,42.9,1.8,4.9,37.6,0.7,0.8,84.9,0.7,2.2,2.9,1.1,0.6,0.6,0.1,2.0,15.6,0.0,0.0,-5.6
230,Jusuf Nurkić,CHA,30,51,18,33,20.8,8.9,3.3,6.9,47.7,0.6,2.1,30.5,1.7,2.5,66.4,1.7,6.1,7.8,2.3,1.9,0.8,0.7,2.5,24.1,10.0,0.0,-3.6
231,Clint Capela,ATL,30,55,27,28,21.4,8.9,4.0,7.1,55.9,0.0,0.0,0.0,0.9,1.8,53.6,3.2,5.4,8.5,1.1,0.9,0.6,1.0,1.9,24.7,11.0,0.0,-1.4
232,Luke Kennard,MEM,28,65,37,28,22.6,8.9,3.2,6.6,47.8,1.7,4.0,43.3,0.8,0.9,89.5,0.6,2.2,2.8,3.3,1.1,0.8,0.1,0.9,18.6,0.0,0.0,1.9
233,Chris Paul,SAS,39,82,34,48,28.0,8.8,3.0,7.1,42.7,1.7,4.5,37.7,1.0,1.1,92.4,0.4,3.2,3.6,7.4,1.6,1.3,0.3,1.8,27.2,12.0,0.0,0.0
234,Svi Mykhailiuk,UTA,27,38,6,32,20.0,8.8,3.1,7.9,39.1,1.8,5.3,34.5,0.7,0.9,80.0,0.6,1.8,2.4,2.0,1.4,0.5,0.2,1.1,15.3,0.0,0.0,-2.8
235,Justin Champagnie,WAS,23,62,16,46,21.6,8.8,3.4,6.6,51.1,1.2,3.1,38.3,0.8,1.2,68.5,1.8,3.9,5.7,1.0,0.9,1.0,0.6,1.8,21.2,8.0,0.0,-4.6
236,Kentavious Caldwell-Pope,ORL,32,77,38,39,29.6,8.7,3.1,7.1,43.9,1.5,4.3,34.2,1.1,1.2,86.3,0.4,1.8,2.2,1.8,0.8,1.3,0.4,1.8,18.4,0.0,0.0,0.1
237,Kelly Olynyk,NOP,33,44,12,32,20.2,8.7,3.0,6.1,50.0,0.8,1.8,41.8,1.9,2.5,76.9,1.4,3.3,4.7,2.9,1.7,0.8,0.4,2.8,20.5,2.0,0.0,-1.3
238,Dereck Lively II,DAL,21,36,21,15,23.1,8.7,3.7,5.3,70.2,0.0,0.0,0.0,1.3,2.0,63.0,2.9,4.6,7.5,2.4,1.1,0.6,1.6,2.8,26.5,8.0,0.0,3.4
239,Tyrese Martin,BKN,26,60,16,44,21.9,8.7,3.2,7.8,40.6,1.7,4.7,35.1,0.8,1.0,79.3,1.0,2.7,3.7,2.0,1.2,0.6,0.2,1.3,17.1,1.0,0.0,-4.3
240,Dorian Finney-Smith,LAL,31,63,36,27,28.9,8.7,3.1,6.9,44.8,2.0,5.0,41.1,0.5,0.7,66.7,1.3,2.7,3.9,1.4,0.9,0.9,0.4,2.2,18.5,0.0,0.0,4.9
241,Jaden Hardy,DAL,22,57,30,27,15.9,8.7,3.2,7.3,43.5,1.3,3.5,38.6,1.1,1.5,69.8,0.2,1.4,1.6,1.4,1.4,0.5,0.1,1.6,13.0,0.0,0.0,-1.1
242,Danté Exum,DAL,29,20,7,13,18.6,8.7,3.2,6.7,47.8,1.2,2.7,43.4,1.2,1.6,74.2,0.2,1.5,1.7,2.8,1.1,0.6,0.2,1.7,16.0,0.0,0.0,-2.4
243,Kyshawn George,WAS,21,68,15,53,26.5,8.7,3.0,8.0,37.2,1.7,5.2,32.2,1.0,1.4,75.3,0.7,3.5,4.2,2.5,1.4,1.0,0.7,3.0,21.2,1.0,0.0,-5.3
244,Oshae Brissett,PHI,26,6,1,5,23.7,8.7,3.2,6.5,48.7,1.0,3.0,33.3,1.3,2.3,57.1,1.2,2.5,3.7,0.7,1.3,0.7,0.5,2.3,16.2,0.0,0.0,-5.2
245,Isaiah Collier,UTA,20,71,14,57,25.9,8.7,3.3,7.8,42.2,0.6,2.4,24.9,1.5,2.2,68.2,0.5,2.9,3.3,6.3,2.9,0.9,0.2,2.1,22.6,11.0,0.0,-5.7
246,Jaime Jaquez Jr.,MIA,24,66,32,34,20.7,8.6,3.2,7.0,46.1,0.6,1.8,31.1,1.6,2.2,75.4,1.3,3.1,4.4,2.5,1.5,0.9,0.2,1.2,19.6,3.0,1.0,-2.3
247,Ja'Kobe Walter,TOR,20,52,19,33,21.2,8.6,3.1,7.6,40.5,1.3,3.6,34.9,1.3,1.6,79.5,1.1,1.9,3.1,1.6,1.0,0.8,0.2,1.8,16.8,1.0,0.0,-1.6
248,Matas Buzelis,CHI,20,80,39,41,18.9,8.6,3.2,6.9,45.4,1.2,3.3,36.1,1.1,1.4,81.5,0.7,2.8,3.5,1.0,0.9,0.4,0.9,1.6,17.2,1.0,0.0,-0.4
249,Sam Hauser,BOS,27,71,52,19,21.7,8.5,3.0,6.7,45.1,2.3,5.6,41.6,0.2,0.2,100,0.6,2.5,3.2,0.9,0.3,0.6,0.2,1.2,15.6,0.0,0.0,4.6
250,Larry Nance Jr.,ATL,32,24,10,14,19.3,8.5,3.3,6.5,51.6,1.4,3.2,44.7,0.4,0.5,69.2,1.0,3.3,4.3,1.6,0.7,0.8,0.5,1.5,19.4,3.0,0.0,-4.0
251,Jared Rhoden,TOR,25,14,8,6,16.2,8.4,3.0,6.2,48.3,0.9,2.8,30.8,1.6,1.8,88.0,1.0,2.0,3.0,1.1,0.6,0.7,0.1,1.4,15.7,1.0,0.0,4.6
252,Jaylen Nowell,NOP,25,8,1,7,21.0,8.4,3.3,9.1,35.6,1.0,3.4,29.6,0.9,1.4,63.6,0.8,1.8,2.5,2.3,1.0,0.1,0.5,1.1,15.6,0.0,0.0,-5.3
253,Cason Wallace,OKC,21,68,55,13,27.6,8.4,3.4,7.2,47.4,1.1,3.1,35.6,0.4,0.5,81.1,1.0,2.3,3.4,2.5,0.9,1.8,0.5,2.1,22.2,0.0,0.0,5.4
254,Brandon Clarke,MEM,28,64,40,24,18.9,8.3,3.7,5.9,62.1,0.0,0.3,5.9,1.0,1.4,70.1,2.0,3.1,5.1,1.0,0.6,0.8,0.6,2.3,19.5,2.0,0.0,2.8
255,Dalano Banton,POR,25,67,28,39,16.7,8.3,3.0,7.6,39.1,1.1,3.3,32.4,1.4,1.9,72.8,0.4,1.6,2.0,2.4,1.3,0.6,0.5,0.9,16.5,0.0,0.0,-0.8
256,Brandon Williams,DAL,25,33,15,18,14.8,8.3,3.0,5.7,52.1,0.7,1.8,40.0,1.7,2.0,83.3,0.4,1.4,1.8,2.3,1.2,0.7,0.2,1.0,15.4,0.0,0.0,0.3
257,Keon Ellis,SAC,25,80,39,41,24.4,8.3,2.8,5.8,48.9,1.7,4.0,43.3,0.9,1.1,84.9,0.8,1.9,2.7,1.5,0.9,1.5,0.8,2.2,19.8,0.0,0.0,0.8
258,Bruce Brown,NOP,28,41,15,26,22.5,8.3,3.2,7.5,42.1,0.7,2.0,33.3,1.3,1.6,81.5,1.0,3.0,4.0,2.0,1.0,0.8,0.2,1.7,18.4,0.0,0.0,-5.5
259,Taurean Prince,MIL,31,80,46,34,27.1,8.2,2.9,6.4,45.7,1.8,4.2,43.9,0.5,0.6,81.3,0.4,3.2,3.6,1.9,1.0,1.0,0.2,2.1,17.8,1.0,0.0,-0.3
260,Mike Conley,MIN,37,71,44,27,24.7,8.2,2.6,6.6,40.0,1.8,4.4,41.0,1.1,1.3,90.0,0.5,2.1,2.6,4.5,1.1,1.1,0.2,1.6,20.9,1.0,0.0,3.7
261,Jalen Smith,CHI,25,64,28,36,15.0,8.2,3.0,6.4,46.6,1.1,3.5,32.4,1.1,1.4,80.9,1.4,4.2,5.6,1.0,0.6,0.3,0.7,1.5,18.7,4.0,0.0,-0.6
262,Peyton Watson,DEN,22,68,40,28,24.3,8.1,3.0,6.3,47.7,0.7,2.0,35.3,1.4,2.0,69.3,0.7,2.7,3.4,1.4,0.8,0.7,1.4,1.8,19.7,0.0,0.0,-0.4
263,Quinten Post,GSW,25,42,26,16,16.3,8.1,2.9,6.5,44.9,1.7,4.3,40.8,0.5,0.6,77.8,0.8,2.7,3.5,1.3,0.8,0.4,0.4,2.0,16.0,0.0,0.0,1.0
264,Davion Mitchell,MIA,26,74,25,49,27.4,7.9,3.0,6.4,46.8,1.1,2.9,39.8,0.8,1.1,69.0,0.5,1.8,2.3,4.9,1.7,1.0,0.2,2.5,19.9,1.0,0.0,0.0
265,Day'Ron Sharpe,BKN,23,50,14,36,18.1,7.9,3.3,6.3,52.1,0.2,0.9,24.4,1.1,1.5,75.7,3.0,3.6,6.6,1.8,1.3,0.8,0.8,2.3,22.3,4.0,0.0,1.3
266,Caleb Martin,DAL,29,45,17,28,27.1,7.9,2.9,6.8,42.4,0.8,2.3,35.9,1.4,2.2,62.2,1.2,2.8,3.9,2.1,1.2,1.0,0.5,1.9,19.2,1.0,0.0,-3.4
267,Tyson Etienne,BKN,25,7,1,6,21.6,7.9,2.4,7.4,32.7,1.9,6.3,29.5,1.1,1.4,80.0,0.4,0.9,1.3,1.7,1.1,0.4,0.1,2.4,12.5,0.0,0.0,-10.0
268,KJ Simpson,CHA,22,36,3,33,23.4,7.8,2.9,8.4,34.6,0.9,3.6,25.4,1.1,1.4,82.0,1.1,1.9,3.0,3.1,1.6,0.9,0.2,1.6,17.9,0.0,0.0,-7.7
269,Karlo Matković,NOP,24,42,12,30,18.8,7.7,3.2,5.6,57.4,0.5,1.6,31.8,0.8,1.0,77.3,1.5,3.5,5.0,1.1,1.0,0.5,1.0,2.5,18.8,4.0,0.0,-2.1
270,Terance Mann,ATL,28,67,37,30,21.1,7.7,3.1,6.2,49.6,0.9,2.4,36.8,0.7,1.0,69.1,1.0,2.0,3.0,1.8,0.7,0.7,0.2,1.9,16.1,0.0,0.0,-1.4
271,Oscar Tshiebwe,UTA,25,14,3,11,18.2,7.6,3.0,5.0,60.0,0.0,0.0,0.0,1.6,2.2,74.2,3.3,5.4,8.7,0.6,0.7,0.9,0.1,1.7,21.4,4.0,0.0,-0.8
272,Lonzo Ball,CHI,27,35,16,19,22.2,7.6,2.5,6.9,36.6,1.9,5.6,34.4,0.6,0.8,81.5,0.7,2.7,3.4,3.3,1.2,1.3,0.5,1.6,20.9,0.0,0.0,2.9
273,AJ Johnson,WAS,20,29,8,21,22.0,7.6,2.8,7.3,38.5,0.8,3.1,26.7,1.1,1.3,86.5,0.3,1.8,2.0,2.6,1.2,0.4,0.1,1.7,14.3,0.0,0.0,-5.2
274,Garrison Mathews,ATL,28,47,21,26,17.6,7.5,2.2,5.5,39.7,1.8,4.6,39.0,1.4,1.7,82.1,0.3,1.6,1.9,1.3,0.7,0.6,0.3,1.7,13.6,0.0,0.0,-1.3
275,Matisse Thybulle,POR,28,15,8,7,20.8,7.5,2.8,5.9,47.7,1.4,3.2,43.8,0.5,1.0,46.7,0.9,2.5,3.5,1.9,0.9,2.2,0.6,0.9,22.0,0.0,0.0,0.1
276,Josh Green,CHA,24,68,17,51,27.8,7.4,2.6,6.2,42.8,1.4,3.6,39.1,0.7,1.1,68.1,0.8,1.7,2.5,1.6,1.0,1.1,0.2,2.4,15.8,0.0,0.0,-5.4
277,Richaun Holmes,WAS,31,31,9,22,17.2,7.4,2.9,4.5,64.7,0.0,0.1,0.0,1.6,1.9,83.3,2.0,3.7,5.7,1.4,0.7,0.3,0.7,1.6,18.7,3.0,0.0,-1.2
278,AJ Green,MIL,25,73,44,29,22.7,7.4,2.5,5.8,42.9,2.1,5.0,42.7,0.3,0.4,81.5,0.2,2.1,2.4,1.5,0.5,0.5,0.1,2.2,13.8,0.0,0.0,3.1
279,Andre Drummond,PHI,31,40,12,28,18.8,7.3,2.9,5.9,50.0,0.1,0.5,15.0,1.4,2.3,62.2,2.7,5.0,7.8,0.9,1.4,1.0,0.5,2.4,20.8,5.0,0.0,-6.1
280,Ricky Council IV,PHI,23,73,16,57,17.1,7.3,2.4,6.3,38.2,0.8,2.9,25.8,1.7,2.1,80.4,0.7,2.2,2.9,1.3,0.7,0.4,0.2,0.9,13.9,3.0,0.0,-2.2
281,Damion Baugh,CHA,24,15,1,14,24.7,7.3,2.8,8.7,32.3,0.8,3.7,21.4,0.9,1.0,86.7,0.9,2.4,3.3,3.7,2.1,1.0,0.1,1.5,18.2,0.0,0.0,-11.3
282,Alec Burks,MIA,33,49,26,23,17.6,7.3,2.3,5.5,42.4,1.8,4.2,42.5,0.8,1.0,77.6,0.3,2.2,2.5,1.1,0.6,0.6,0.1,0.8,13.5,0.0,0.0,2.2
283,Vít Krejčí,ATL,24,57,28,29,20.2,7.2,2.5,5.1,49.7,1.6,3.6,43.7,0.6,0.8,71.1,0.4,2.4,2.7,2.6,0.9,0.6,0.5,1.8,16.8,1.0,0.0,-1.2
284,GG Jackson,MEM,20,29,19,10,15.8,7.2,2.6,6.9,37.2,1.1,3.3,33.7,1.0,1.4,72.5,0.9,2.2,3.2,1.0,1.1,0.4,0.2,1.0,13.2,0.0,0.0,-2.3
285,Tristan da Silva,ORL,23,74,35,39,22.0,7.2,2.7,6.5,41.2,1.1,3.2,33.5,0.7,0.9,87.3,1.0,2.3,3.3,1.5,0.8,0.4,0.2,1.3,14.8,1.0,0.0,-1.7
286,Nae'Qwan Tomlin,CLE,24,5,4,1,12.7,7.2,2.6,6.4,40.6,0.4,2.0,20.0,1.6,2.2,72.7,1.8,2.4,4.2,0.4,0.4,0.0,0.2,1.8,13.0,1.0,0.0,1.4
287,Tre Jones,CHI,25,46,21,25,19.7,7.2,2.8,5.2,53.8,0.4,1.0,39.6,1.2,1.5,82.1,0.7,1.8,2.5,4.2,0.8,0.8,0.2,1.2,18.8,1.0,0.0,-0.7
288,Goga Bitadze,ORL,25,70,38,32,20.4,7.2,3.0,4.8,61.1,0.0,0.4,10.7,1.2,1.9,63.9,2.4,4.2,6.6,2.0,1.0,0.7,1.4,2.1,23.3,15.0,0.0,1.1
289,Sam Merrill,CLE,28,71,54,17,19.7,7.2,2.4,6.0,40.6,1.9,5.2,37.2,0.4,0.4,96.6,0.5,1.7,2.2,1.5,0.5,0.7,0.2,1.7,14.4,0.0,0.0,4.5
290,Daeqwon Plowden,ATL,26,6,3,3,11.9,7.2,2.7,4.2,64.0,1.5,2.8,52.9,0.3,0.3,100,0.7,1.2,1.8,0.3,0.7,0.0,0.0,1.7,9.2,0.0,0.0,4.8
291,Jamal Shead,TOR,22,75,28,47,19.6,7.1,2.7,6.7,40.5,1.0,3.0,32.3,0.7,0.9,76.8,0.4,1.1,1.5,4.2,1.6,0.8,0.1,2.1,16.4,1.0,0.0,-3.1
292,Jamison Battle,TOR,23,59,21,38,17.7,7.1,2.5,5.9,42.9,1.8,4.4,40.5,0.3,0.3,88.9,0.6,2.1,2.7,0.9,0.5,0.3,0.2,1.6,12.6,0.0,0.0,-3.1
293,Josh Okogie,CHA,26,40,11,29,15.6,7.1,2.4,5.3,44.3,0.8,2.3,34.8,1.6,2.1,74.1,1.1,1.7,2.8,0.8,0.8,1.2,0.5,1.2,15.9,1.0,0.0,-0.3
294,Alex Caruso,OKC,31,54,44,10,19.3,7.1,2.6,5.8,44.6,1.1,3.1,35.3,0.8,0.9,82.4,0.7,2.2,2.9,2.5,0.7,1.6,0.6,1.9,20.2,0.0,0.0,5.9
295,Jalen Hood-Schifino,PHI,21,15,3,12,21.0,7.1,2.5,6.5,37.8,0.9,3.1,30.4,1.2,1.4,85.7,0.2,1.6,1.8,2.5,1.2,0.3,0.5,1.7,14.1,0.0,0.0,-6.4
296,Isaiah Jackson,IND,23,5,1,4,16.8,7.0,2.8,4.6,60.9,0.0,0.0,0.0,1.4,2.8,50.0,2.2,3.4,5.6,1.0,1.0,0.6,1.6,2.8,20.8,0.0,0.0,2.0
297,Jaylen Sims,CHA,26,6,0,6,18.6,7.0,2.0,4.7,42.9,1.0,2.5,40.0,2.0,2.5,80.0,0.5,0.5,1.0,2.0,1.3,0.5,0.2,1.7,11.9,0.0,0.0,-7.8
298,Marcus Garrett,CHA,26,4,1,3,19.8,7.0,2.8,6.8,40.7,0.8,2.0,37.5,0.8,1.0,75.0,0.3,1.3,1.5,3.3,1.5,0.8,0.5,2.5,15.9,0.0,0.0,-9.8
299,Jeff Dowtin Jr.,PHI,27,41,10,31,15.1,7.0,2.7,5.6,48.7,0.7,1.7,40.0,0.8,1.1,73.3,0.3,1.2,1.5,1.9,0.4,0.6,0.3,0.7,13.8,0.0,0.0,-2.5
300,Cameron Payne,NYK,30,72,46,26,15.1,6.9,2.5,6.2,40.1,1.3,3.6,36.3,0.7,0.8,90.7,0.2,1.3,1.4,2.8,0.7,0.5,0.2,1.5,14.5,0.0,0.0,2.8
301,Jake LaRavia,SAC,23,66,40,26,20.4,6.9,2.4,5.1,47.5,0.9,2.2,42.3,1.2,1.7,67.8,1.4,2.6,3.9,2.4,1.3,0.9,0.3,2.0,17.8,2.0,0.0,1.9
302,Antonio Reeves,NOP,22,44,6,38,15.0,6.9,2.6,5.6,45.6,1.2,2.9,39.5,0.6,0.8,80.0,0.4,1.0,1.4,0.9,0.7,0.5,0.1,0.9,11.0,0.0,0.0,-3.4
303,Ryan Dunn,PHX,22,74,32,42,19.1,6.9,2.8,6.4,43.0,1.1,3.6,31.1,0.3,0.5,48.7,1.2,2.4,3.6,0.8,0.5,0.6,0.5,2.2,15.3,3.0,0.0,-2.3
304,Orlando Robinson,TOR,24,44,23,21,17.5,6.9,2.6,5.9,44.4,0.4,1.2,32.7,1.2,1.6,77.1,2.0,3.0,5.0,1.8,1.1,0.4,0.4,2.3,16.6,4.0,0.0,-2.0
305,Jay Huff,MEM,27,64,37,27,11.7,6.9,2.5,4.8,51.5,1.3,3.1,40.5,0.7,0.9,78.6,0.5,1.5,2.0,0.6,0.5,0.3,0.9,1.2,13.0,0.0,0.0,0.4
306,Jaxson Hayes,LAL,24,56,38,18,19.5,6.8,2.9,4.0,72.2,0.0,0.1,0.0,1.1,1.8,62.2,1.4,3.4,4.8,1.0,0.8,0.6,0.9,2.4,17.8,2.0,0.0,1.6
307,Eric Gordon,PHI,36,39,12,27,19.7,6.8,2.2,5.2,42.6,1.4,3.5,40.9,0.9,1.2,75.0,0.2,1.0,1.2,1.7,0.7,0.7,0.3,0.8,12.9,0.0,0.0,-1.8
308,Bol Bol,PHX,25,36,10,26,12.5,6.8,2.7,5.1,52.5,0.9,2.6,34.4,0.6,0.7,76.9,0.6,2.3,2.9,0.6,0.6,0.3,0.7,0.6,13.4,1.0,0.0,-1.0
309,Cody Martin,PHX,29,53,16,37,22.1,6.8,2.6,6.1,41.8,0.8,2.8,28.5,0.8,1.2,70.5,1.0,3.2,4.2,2.0,1.0,1.1,0.6,1.8,18.8,0.0,0.0,-2.0
310,DaQuan Jeffries,CHA,27,47,9,38,22.8,6.7,2.5,6.2,40.5,1.2,3.5,33.5,0.5,0.6,80.0,0.8,2.1,2.9,1.1,0.7,0.6,0.5,2.1,14.4,0.0,0.0,-5.9
311,Marcus Bagley,PHI,23,10,1,9,25.3,6.7,2.7,6.9,39.1,0.5,3.2,15.6,0.8,1.0,80.0,2.3,4.7,7.0,1.0,0.7,0.9,1.2,1.6,22.2,2.0,0.0,-8.4
312,Precious Achiuwa,NYK,25,57,36,21,20.5,6.6,2.9,5.7,50.2,0.2,0.6,27.8,0.7,1.2,59.4,1.8,3.8,5.6,1.0,0.8,0.8,0.7,1.4,18.7,3.0,0.0,-0.8
313,Vince Williams Jr.,MEM,24,27,10,17,18.5,6.6,2.5,6.2,40.1,1.0,3.5,27.4,0.7,0.9,79.2,0.8,2.8,3.6,2.0,1.2,0.4,0.3,1.7,14.9,1.0,0.0,0.2
314,Lester Quinones,NOP,24,13,3,10,14.1,6.6,2.4,6.0,39.7,1.0,3.4,29.5,0.8,1.0,84.6,0.3,1.2,1.5,1.8,1.1,0.2,0.2,1.4,11.2,0.0,0.0,-2.0
315,Marcus Sasser,DET,24,57,30,27,14.2,6.6,2.4,5.2,46.3,1.0,2.7,38.2,0.8,0.9,84.3,0.3,0.9,1.2,2.3,0.9,0.6,0.1,1.3,12.7,1.0,0.0,0.7
316,Trayce Jackson-Davis,GSW,25,62,33,29,15.6,6.6,2.8,4.9,57.6,0.0,0.0,0.0,1.0,1.6,57.8,2.0,3.0,5.0,1.7,0.7,0.4,0.6,1.2,17.3,4.0,0.0,-1.0
317,Vasilije Micić,PHX,31,41,8,33,19.1,6.6,2.3,6.7,34.8,1.1,3.0,36.0,0.8,1.0,82.9,0.5,1.7,2.2,3.1,1.9,0.4,0.0,1.1,13.1,1.0,0.0,-3.0
318,Trey Lyles,SAC,29,69,34,35,19.6,6.5,2.3,5.4,42.0,1.2,3.4,34.0,0.8,1.2,70.0,1.2,3.4,4.6,1.2,0.6,0.6,0.3,1.2,16.0,1.0,0.0,-1.0
319,Talen Horton-Tucker,CHI,24,58,26,32,12.5,6.5,2.3,5.0,45.7,0.7,2.1,33.6,1.2,1.7,73.5,0.3,1.4,1.7,1.4,0.7,0.4,0.2,1.0,11.7,0.0,0.0,0.3
320,Seth Curry,CHA,34,68,17,51,15.6,6.5,2.4,5.0,47.8,1.2,2.7,45.6,0.5,0.6,84.6,0.4,1.3,1.7,0.9,0.5,0.4,0.1,0.9,10.9,0.0,0.0,-2.5
321,Donovan Clingan,POR,21,67,29,38,19.8,6.5,2.7,5.0,53.9,0.2,0.7,28.6,0.9,1.6,59.6,3.2,4.6,7.9,1.1,1.1,0.5,1.6,2.8,23.0,8.0,0.0,0.0
322,Ajay Mitchell,OKC,22,36,31,5,16.6,6.5,2.5,5.1,49.5,0.6,1.7,38.3,0.8,1.0,82.9,0.5,1.4,1.9,1.8,0.8,0.7,0.1,1.9,13.0,1.0,0.0,3.5
323,Thomas Bryant,IND,27,66,44,22,14.6,6.5,2.5,4.9,50.8,0.7,2.2,32.4,0.8,1.0,85.9,1.3,2.5,3.8,0.8,0.5,0.4,0.6,1.2,15.0,1.0,0.0,-0.6
324,Haywood Highsmith,MIA,28,74,35,39,24.6,6.5,2.4,5.3,45.8,1.2,3.1,38.2,0.4,0.6,72.1,1.0,2.4,3.4,1.5,0.7,0.9,0.5,2.2,16.3,0.0,0.0,0.8
325,Gary Payton II,GSW,32,62,36,26,15.0,6.5,2.8,4.8,57.4,0.5,1.5,32.6,0.4,0.6,71.1,0.9,2.1,3.0,1.3,0.6,0.8,0.3,1.7,14.8,0.0,0.0,0.7
326,Ronald Holland II,DET,19,81,44,37,15.6,6.4,2.4,5.1,47.4,0.4,1.9,23.8,1.1,1.5,75.4,0.5,2.2,2.7,1.0,0.9,0.6,0.2,1.7,12.7,0.0,0.0,-0.7
327,Kris Dunn,LAC,31,74,45,29,24.1,6.4,2.6,5.9,43.9,1.0,3.0,33.5,0.2,0.3,68.2,0.7,2.7,3.4,2.8,1.0,1.7,0.4,2.7,20.0,0.0,0.0,3.5
328,Gabe Vincent,LAL,28,72,46,26,21.2,6.4,2.3,5.8,40.0,1.5,4.3,35.3,0.2,0.3,71.4,0.3,1.0,1.3,1.4,0.6,0.7,0.2,2.1,12.1,0.0,0.0,0.7
329,KJ Martin,UTA,24,43,11,32,21.2,6.4,2.6,4.7,55.2,0.3,1.3,25.9,0.9,1.1,78.7,0.7,2.2,2.9,1.1,0.6,0.4,0.5,2.3,13.7,0.0,0.0,-3.3
330,Zach Collins,CHI,27,64,34,30,15.3,6.4,2.4,4.7,50.7,0.5,1.7,30.2,1.1,1.2,88.5,1.6,2.9,4.5,1.7,0.9,0.5,0.5,2.1,16.1,4.0,0.0,-0.5
331,Jeremiah Robinson-Earl,NOP,24,66,17,49,18.8,6.3,2.4,5.3,45.5,0.8,2.5,34.1,0.7,0.8,83.6,1.7,3.1,4.8,1.3,0.8,0.6,0.1,1.2,15.4,4.0,0.0,-5.0
332,Kenrich Williams,OKC,30,69,58,11,16.4,6.3,2.5,5.1,48.3,1.0,2.5,38.6,0.4,0.6,71.8,0.9,2.6,3.5,1.4,0.6,0.6,0.1,1.6,14.4,2.0,0.0,4.8
333,Sandro Mamukelashvili,SAS,25,61,23,38,11.2,6.3,2.3,4.6,50.2,1.0,2.6,37.3,0.7,1.0,74.1,1.0,2.0,3.1,0.8,0.4,0.3,0.3,1.0,12.6,2.0,0.0,-0.5
334,Ryan Rollins,MIL,22,56,30,26,14.6,6.2,2.4,4.8,48.7,0.9,2.1,40.8,0.6,0.8,80.0,0.4,1.6,1.9,1.9,0.9,0.8,0.3,1.6,13.5,1.0,0.0,1.5
335,Dru Smith,MIA,27,14,8,6,19.2,6.2,2.2,4.4,50.8,1.1,2.1,53.3,0.6,0.9,75.0,0.9,1.7,2.6,1.6,1.2,1.5,0.4,2.1,16.3,0.0,0.0,2.7
336,Bones Hyland,MIN,24,24,11,13,9.9,6.2,2.0,4.9,39.8,1.3,3.4,39.0,1.0,1.1,88.5,0.2,0.8,1.0,1.3,1.0,0.8,0.2,1.2,11.2,0.0,0.0,-1.3
337,Jonathan Mogbo,TOR,23,63,18,45,20.4,6.2,2.5,5.7,43.8,0.3,1.1,24.3,1.0,1.3,73.2,1.7,3.2,4.9,2.3,1.1,0.9,0.5,2.2,18.7,3.0,1.0,-3.8
338,Jarace Walker,IND,21,75,45,30,15.8,6.1,2.3,4.8,47.2,1.0,2.5,40.5,0.6,0.9,66.7,0.3,2.7,3.1,1.5,1.0,0.7,0.3,1.5,14.1,0.0,0.0,-1.9
339,Isaac Okoro,CLE,24,55,44,11,19.1,6.1,2.3,4.9,46.4,1.0,2.7,37.1,0.6,0.8,71.7,0.9,1.5,2.4,1.2,0.4,0.6,0.3,1.9,13.0,0.0,0.0,4.6
340,Isaiah Stewart,DET,23,72,38,34,19.9,6.0,2.4,4.4,55.9,0.2,0.7,32.1,0.9,1.2,75.9,1.8,3.7,5.5,1.7,0.9,0.4,1.4,2.5,19.7,2.0,0.0,0.1
341,Luke Kornet,BOS,29,73,53,20,18.6,6.0,2.6,3.8,66.8,0.0,0.0,0.0,0.9,1.3,69.1,2.6,2.7,5.3,1.6,0.4,0.5,1.0,1.6,18.8,3.0,0.0,5.5
342,Isaiah Mobley,PHI,25,1,0,1,17.4,6.0,2.0,7.0,28.6,1.0,3.0,33.3,1.0,2.0,50.0,1.0,3.0,4.0,5.0,0.0,1.0,1.0,3.0,24.3,0.0,0.0,-6.0
343,Isaiah Wong,CHA,24,20,2,18,13.3,6.0,2.1,5.3,39.0,0.7,1.7,39.4,1.3,1.7,73.5,0.7,0.9,1.6,1.4,0.9,0.6,0.0,1.1,10.8,0.0,0.0,-0.3
344,James Wiseman,IND,24,1,1,0,4.6,6.0,2.0,4.0,50.0,0.0,1.0,0.0,2.0,2.0,100,0.0,1.0,1.0,0.0,0.0,0.0,0.0,0.0,7.2,0.0,0.0,-4.0
345,N'Faly Dante,HOU,23,4,0,4,12.7,6.0,2.5,3.3,76.9,0.0,0.0,0.0,1.0,1.3,80.0,1.5,3.8,5.3,0.5,0.5,0.3,1.3,2.3,17.1,0.0,0.0,-2.8
346,Mouhamed Gueye,ATL,22,33,15,18,16.1,6.0,2.2,5.2,42.1,0.6,2.5,25.9,1.0,1.3,76.2,1.3,2.9,4.2,0.8,0.5,0.8,1.0,1.7,17.3,2.0,0.0,2.6
347,Simone Fontecchio,DET,29,75,38,37,16.5,5.9,2.0,5.0,40.2,1.0,3.0,33.5,0.9,1.1,83.3,0.7,2.2,2.9,0.9,0.7,0.4,0.2,1.3,11.7,0.0,0.0,0.2
348,Jaylin Williams,OKC,22,47,40,7,16.7,5.9,2.1,4.7,43.9,1.3,3.3,39.9,0.5,0.6,76.7,1.0,4.6,5.6,2.6,0.7,0.5,0.6,1.7,18.9,4.0,3.0,6.4
349,Cole Swider,TOR,25,10,5,5,17.0,5.9,2.2,6.3,34.9,1.5,4.7,31.9,0.0,0.1,0.0,0.5,2.2,2.7,0.3,0.4,0.4,0.2,1.2,11.0,0.0,0.0,5.4
350,Chuma Okeke,CLE,26,9,2,7,21.9,5.9,2.2,4.4,50.0,1.2,3.1,39.3,0.2,0.3,66.7,2.3,2.9,5.2,1.7,0.3,0.6,0.4,0.6,17.3,1.0,0.0,-3.1
351,Tidjane Salaün,CHA,19,60,12,48,20.7,5.9,1.9,5.8,33.0,1.0,3.4,28.3,1.1,1.6,71.3,1.2,3.5,4.7,1.2,1.0,0.5,0.2,1.4,14.5,2.0,0.0,-5.4
352,Collin Gillespie,PHX,25,33,12,21,14.0,5.9,2.1,4.8,43.0,1.2,2.7,43.3,0.6,0.7,86.4,0.7,1.7,2.4,2.4,0.5,0.6,0.2,0.9,14.1,1.0,0.0,-0.9
353,Kyle Anderson,MIA,31,61,30,31,16.4,5.9,2.3,5.0,46.9,0.4,1.1,35.7,0.8,1.1,73.8,0.9,2.5,3.4,2.4,0.6,0.7,0.5,1.3,16.5,2.0,0.0,-0.4
354,Moses Brown,DAL,25,13,5,8,9.1,5.8,2.6,3.8,69.4,0.0,0.0,0.0,0.6,0.8,72.7,0.9,2.5,3.4,0.2,0.8,0.5,0.3,1.3,11.6,1.0,0.0,-1.1
355,Adem Bona,PHI,22,58,12,46,15.6,5.8,2.3,3.3,70.3,0.0,0.0,0.0,1.2,1.7,67.0,1.6,2.6,4.2,0.5,1.1,0.4,1.2,2.2,15.4,3.0,0.0,-1.9
356,Robert Williams III,POR,27,20,7,13,17.6,5.8,2.5,3.9,64.1,0.1,0.2,33.3,0.8,0.9,88.2,1.8,4.2,5.9,1.1,0.9,0.7,1.7,1.6,20.5,0.0,0.0,-0.9
357,Quenton Jackson,IND,26,28,14,14,13.6,5.8,2.1,4.4,47.5,0.5,1.4,37.5,1.1,1.4,77.5,0.5,1.1,1.6,1.9,0.6,0.8,0.2,1.5,12.7,0.0,0.0,0.0
358,Landry Shamet,NYK,28,50,30,20,15.2,5.7,2.1,4.6,46.1,1.2,3.1,39.7,0.2,0.4,66.7,0.2,1.0,1.2,0.5,0.4,0.5,0.0,1.0,9.1,0.0,0.0,1.8
359,Dariq Whitehead,BKN,20,20,6,14,12.3,5.7,2.0,4.8,40.6,1.7,3.7,44.6,0.2,0.3,60.0,0.2,1.3,1.5,0.6,0.8,0.3,0.1,1.1,8.6,0.0,0.0,-3.2
360,Moussa Diabaté,CHA,23,71,15,56,17.5,5.7,2.4,3.9,59.6,0.0,0.1,0.0,1.0,1.6,59.5,2.6,3.5,6.2,0.8,0.9,0.6,0.6,1.5,17.0,7.0,0.0,-1.7
361,Jordan Goodwin,LAL,26,29,17,12,18.7,5.6,2.2,5.0,43.8,0.9,2.3,38.2,0.3,0.4,81.8,1.3,2.6,3.9,1.4,0.9,1.0,0.4,1.5,15.7,0.0,0.0,-0.4
362,Shake Milton,LAL,28,57,29,28,14.7,5.5,2.0,4.5,45.3,0.7,1.9,35.8,0.8,1.0,79.7,0.5,1.3,1.8,1.8,0.7,0.4,0.1,1.2,11.2,1.0,0.0,-2.1
363,Aaron Holiday,HOU,28,62,39,23,12.8,5.5,1.9,4.3,43.7,1.2,2.9,39.8,0.5,0.7,82.9,0.2,1.0,1.3,1.3,0.6,0.3,0.2,1.0,9.9,0.0,0.0,1.4
364,Dean Wade,CLE,28,59,47,12,21.2,5.4,1.9,4.6,41.3,1.4,3.8,36.0,0.3,0.5,53.3,0.9,3.4,4.2,1.3,0.4,0.7,0.3,1.7,15.2,1.0,0.0,4.8
365,Keaton Wallace,ATL,26,31,15,16,16.2,5.4,2.1,5.2,40.1,0.9,2.6,32.9,0.4,0.4,100,0.2,1.4,1.6,2.6,1.1,0.9,0.3,1.3,13.8,1.0,1.0,-0.6
366,Jeff Green,HOU,38,32,20,12,12.4,5.4,1.9,3.8,50.4,0.9,2.5,36.7,0.7,0.8,80.8,0.3,1.5,1.8,0.6,0.3,0.2,0.1,1.0,9.1,0.0,0.0,-1.2
367,Jonathan Isaac,ORL,27,71,35,36,15.4,5.4,1.9,4.6,41.4,0.5,2.1,25.8,1.0,1.5,68.2,1.7,2.7,4.4,0.6,0.5,0.9,1.1,1.3,17.0,2.0,0.0,-0.5
368,Kevin Love,MIA,36,23,13,10,10.9,5.3,1.8,5.0,35.7,1.0,2.9,35.8,0.7,1.0,69.6,1.0,3.1,4.1,1.0,0.6,0.7,0.2,0.9,13.5,0.0,0.0,-1.1
369,Kobe Bufkin,ATL,21,10,6,4,12.4,5.3,1.8,4.7,38.3,0.4,1.9,21.1,1.3,1.8,72.2,0.5,1.6,2.1,1.7,0.8,0.3,0.2,0.9,11.1,0.0,0.0,-2.3
370,Jamal Cain,NOP,26,37,6,31,13.6,5.3,1.8,4.3,43.0,0.7,2.2,32.5,0.9,1.4,68.0,0.7,1.6,2.3,0.6,0.6,0.6,0.2,1.2,10.9,0.0,0.0,-3.6
371,Ben Sheppard,IND,23,63,40,23,19.5,5.3,1.9,4.6,41.8,1.1,3.2,34.2,0.4,0.4,88.9,0.7,2.1,2.8,1.3,0.3,0.6,0.2,2.0,12.8,0.0,0.0,-0.9
372,Pat Connaughton,MIL,32,41,19,22,14.7,5.3,2.0,4.3,46.9,0.6,2.0,32.1,0.6,0.8,77.4,0.5,2.2,2.7,1.7,0.6,0.2,0.3,1.1,11.9,1.0,0.0,-0.3
373,Jabari Walker,POR,22,60,23,37,12.5,5.2,2.0,3.8,51.5,0.5,1.2,38.9,0.8,1.2,69.0,1.0,2.5,3.5,0.6,0.6,0.6,0.1,1.5,11.7,1.0,0.0,0.3
374,Monté Morris,PHX,29,45,21,24,12.7,5.2,1.8,4.3,42.6,0.7,1.9,36.0,0.8,0.9,85.7,0.3,1.2,1.5,1.6,0.5,0.4,0.1,0.5,10.5,0.0,0.0,1.0
375,Bismack Biyombo,SAS,32,28,10,18,18.8,5.1,2.4,4.1,58.8,0.0,0.0,0.0,0.4,0.9,40.0,1.5,4.1,5.6,1.1,1.0,0.6,0.8,1.9,16.8,3.0,0.0,-3.6
376,Mitchell Robinson,NYK,27,17,10,7,17.1,5.1,2.2,3.3,66.1,0.0,0.0,0.0,0.8,1.1,68.4,3.1,2.9,5.9,0.8,0.6,0.9,1.1,1.5,18.8,2.0,0.0,1.4
377,Javonte Green,CLE,31,68,24,44,18.5,5.1,1.8,4.2,42.9,0.7,2.1,32.6,0.8,1.1,72.4,0.9,2.3,3.2,0.8,0.5,1.0,0.5,1.4,14.0,0.0,0.0,-3.1
378,Alex Reese,PHI,25,15,4,11,14.4,5.1,1.7,3.6,48.1,1.0,2.7,36.6,0.6,0.8,75.0,0.6,2.5,3.1,0.3,0.4,0.7,0.7,1.4,12.8,0.0,0.0,1.3
379,Ben Simmons,LAC,28,51,26,25,22.0,5.0,2.3,4.4,52.0,0.0,0.0,0.0,0.5,0.6,72.7,0.9,3.8,4.7,5.6,2.0,0.7,0.5,2.1,20.7,1.0,0.0,-1.1
380,Alondes Williams,DET,25,1,0,1,3.7,5.0,2.0,2.0,100,1.0,1.0,100,0.0,0.0,0.0,0.0,0.0,0.0,1.0,0.0,0.0,0.0,0.0,6.5,0.0,0.0,6.0
381,Malaki Branham,SAS,21,47,18,29,9.1,5.0,1.9,4.0,45.8,0.7,1.8,40.5,0.6,0.7,81.8,0.1,0.9,1.1,0.8,0.7,0.2,0.0,0.6,7.6,0.0,0.0,-0.7
382,Neemias Queta,BOS,25,62,46,16,13.9,5.0,2.1,3.3,65.0,0.0,0.0,0.0,0.7,1.0,75.4,1.4,2.4,3.8,0.7,0.6,0.3,0.7,1.7,12.9,0.0,0.0,2.5
383,Kai Jones,DAL,24,40,20,20,11.7,5.0,2.2,2.7,79.8,0.0,0.1,20.0,0.6,0.8,71.9,1.0,2.1,3.1,0.6,0.5,0.4,0.6,1.3,12.0,1.0,0.0,-0.5
384,Lindy Waters III,DET,27,52,27,25,15.0,4.9,1.8,4.8,36.9,1.2,3.6,34.4,0.2,0.2,72.7,0.4,1.7,2.1,1.0,0.4,0.5,0.2,1.2,10.8,0.0,0.0,0.3
385,Trevelin Queen,ORL,28,31,15,16,13.9,4.9,1.8,4.7,38.1,0.7,2.5,28.6,0.6,0.7,85.7,0.8,0.9,1.7,1.2,0.7,1.0,0.3,1.2,12.1,0.0,0.0,-2.8
386,Jaylen Martin,WAS,21,16,3,13,14.9,4.9,1.9,4.6,41.9,0.4,1.4,30.4,0.6,0.6,90.0,0.7,2.1,2.8,1.1,0.8,0.6,0.0,0.9,10.7,0.0,0.0,-8.2
387,Jock Landale,HOU,29,42,26,16,11.9,4.8,1.9,3.6,53.3,0.3,0.6,42.3,0.6,1.0,67.5,1.3,1.9,3.3,0.9,0.5,0.3,0.2,1.2,11.1,1.0,0.0,-0.6
388,Colin Castleton,TOR,24,26,15,11,16.6,4.7,1.8,3.8,46.9,0.1,0.6,12.5,1.1,1.5,76.3,2.0,2.7,4.7,1.1,0.9,0.3,0.4,2.0,13.2,0.0,0.0,-1.2
389,Taylor Hendricks,UTA,21,3,0,3,24.8,4.7,1.3,6.0,22.2,1.0,4.0,25.0,1.0,1.3,75.0,1.7,3.3,5.0,0.7,0.7,1.7,1.3,2.7,20.0,0.0,0.0,-7.3
390,David Roddy,HOU,24,33,9,24,12.4,4.6,1.7,3.8,45.6,0.6,1.8,31.1,0.6,0.8,76.9,0.4,2.2,2.5,1.1,0.7,0.4,0.3,0.6,10.7,0.0,0.0,-2.3
391,Julian Phillips,CHI,21,79,37,42,14.2,4.6,1.6,3.6,44.6,0.6,1.9,32.7,0.8,1.0,78.9,0.8,1.3,2.1,0.5,0.3,0.5,0.3,1.4,9.8,0.0,0.0,0.4
392,Cody Williams,UTA,20,50,9,41,21.2,4.6,1.7,5.1,32.3,0.7,2.7,25.9,0.6,0.8,72.5,0.5,1.7,2.3,1.2,0.9,0.5,0.3,1.9,10.5,0.0,0.0,-6.8
393,Drew Eubanks,LAC,28,61,25,36,12.2,4.6,1.9,3.2,59.3,0.0,0.1,50.0,0.8,1.2,66.2,1.0,2.7,3.7,0.9,0.7,0.2,0.6,1.0,12.2,0.0,0.0,-2.1
394,Pelle Larsson,MIA,24,55,24,31,14.2,4.6,1.6,3.7,43.8,0.6,1.7,33.7,0.7,1.1,67.2,0.5,1.2,1.7,1.2,0.4,0.6,0.1,1.7,10.0,0.0,0.0,0.2
395,Kevon Looney,GSW,29,76,45,31,15.0,4.5,1.9,3.7,51.4,0.0,0.1,40.0,0.7,1.3,56.6,2.4,3.6,6.1,1.6,0.5,0.6,0.5,2.0,16.9,2.0,0.0,1.5
396,Mason Plumlee,PHX,35,74,33,41,17.6,4.5,1.7,2.7,61.9,0.0,0.1,0.0,1.1,1.7,64.8,1.6,4.6,6.1,1.8,0.8,0.4,0.6,2.1,17.0,2.0,0.0,0.7
397,Rob Dillingham,MIN,20,49,30,19,10.5,4.5,1.9,4.3,44.1,0.5,1.5,33.8,0.2,0.3,53.3,0.2,0.8,1.0,2.0,1.1,0.4,0.0,0.8,8.9,0.0,0.0,0.4
398,Dalen Terry,CHI,22,73,33,40,13.5,4.5,1.6,3.7,44.8,0.5,1.4,35.6,0.7,0.9,71.0,0.5,1.2,1.7,1.3,0.7,0.6,0.2,1.6,10.2,0.0,0.0,-2.4
399,Jett Howard,ORL,21,60,29,31,11.7,4.5,1.6,4.4,37.4,0.9,3.1,29.6,0.3,0.4,69.6,0.3,0.8,1.2,0.7,0.6,0.2,0.2,1.1,7.6,0.0,0.0,-1.4
400,Reed Sheppard,HOU,20,52,30,22,12.6,4.4,1.6,4.6,35.1,0.9,2.7,33.8,0.3,0.3,81.3,0.3,1.2,1.5,1.4,0.7,0.7,0.3,1.0,10.7,0.0,0.0,-1.0
401,Marvin Bagley III,MEM,26,31,7,24,8.6,4.4,1.8,3.4,51.9,0.1,0.6,15.8,0.7,1.1,65.7,1.2,1.5,2.7,0.4,0.4,0.3,0.3,0.6,9.4,1.0,0.0,-0.3
402,Reggie Jackson,PHI,35,31,11,20,12.4,4.4,1.7,4.3,39.1,0.8,2.4,33.8,0.2,0.3,77.8,0.3,1.1,1.4,1.5,0.5,0.5,0.1,1.1,9.5,0.0,0.0,-0.6
403,Charles Bassey,SAS,24,36,14,22,10.4,4.4,1.9,3.3,58.1,0.0,0.0,0.0,0.6,0.9,63.6,1.6,2.7,4.2,0.5,0.6,0.4,0.8,1.4,13.2,2.0,0.0,-3.6
404,Tony Bradley,IND,27,14,11,3,8.1,4.4,2.1,3.2,64.4,0.1,0.2,33.3,0.1,0.4,33.3,1.3,1.7,3.0,0.4,0.4,0.1,0.6,0.8,10.6,1.0,0.0,3.1
405,Lamar Stevens,MEM,27,17,7,10,9.1,4.4,1.7,3.7,46.0,0.5,1.6,29.6,0.5,0.6,72.7,0.2,2.0,2.2,0.5,0.6,0.3,0.2,0.9,8.6,0.0,0.0,3.9
406,Mo Bamba,NOP,26,32,19,13,12.9,4.3,1.6,3.5,46.4,0.5,1.7,27.8,0.6,0.8,70.4,1.0,3.5,4.5,0.6,0.6,0.3,1.0,1.8,13.7,0.0,0.0,-2.3
407,Terrence Shannon Jr.,MIN,24,32,21,11,10.6,4.3,1.7,3.6,48.2,0.3,1.0,35.5,0.5,0.7,81.0,0.3,1.2,1.5,1.0,0.5,0.2,0.2,0.8,8.2,1.0,0.0,0.3
408,Daniel Theis,NOP,33,38,10,28,16.3,4.3,1.6,3.4,47.3,0.2,1.0,24.3,0.8,1.0,83.8,1.2,3.2,4.3,1.6,0.7,0.5,0.5,1.8,14.2,1.0,0.0,-1.6
409,Micah Potter,UTA,27,38,10,28,18.6,4.3,1.5,3.6,42.2,0.8,2.6,31.6,0.4,0.5,85.0,1.1,3.2,4.3,0.8,0.8,0.4,0.4,1.3,12.1,0.0,0.0,-2.7
410,Jevon Carter,CHI,29,36,13,23,8.9,4.3,1.5,4.1,37.7,1.0,2.9,33.3,0.2,0.3,80.0,0.1,1.0,1.1,1.1,0.3,0.4,0.1,0.4,8.2,0.0,0.0,1.0
411,Cam Spencer,MEM,25,25,14,11,10.1,4.2,1.4,3.3,41.5,0.8,2.1,36.5,0.8,0.8,100,0.5,0.7,1.2,1.4,0.2,0.4,0.0,0.9,8.7,0.0,0.0,1.6
412,Dominick Barlow,ATL,21,35,13,22,10.7,4.2,1.7,3.2,53.1,0.2,0.8,25.9,0.6,0.9,63.6,1.0,1.4,2.4,0.5,0.1,0.3,0.5,1.3,10.0,1.0,0.0,-0.1
413,Duop Reath,POR,28,46,19,27,10.2,4.2,1.5,3.6,42.2,0.7,2.3,32.1,0.4,0.5,90.9,1.0,1.0,2.0,0.6,0.3,0.3,0.3,0.9,8.8,0.0,0.0,-1.2
414,Kessler Edwards,DAL,24,40,17,23,15.2,4.2,1.7,3.4,49.6,0.6,1.4,40.7,0.3,0.3,92.3,0.6,2.3,2.9,1.1,0.4,0.5,0.5,1.6,11.8,1.0,0.0,-4.0
415,Oso Ighodaro,PHX,22,61,25,36,17.1,4.2,1.9,3.1,60.4,0.0,0.0,0.0,0.5,0.8,58.0,1.1,2.6,3.6,1.2,0.6,0.5,0.5,1.7,12.5,0.0,0.0,-0.3
416,Wendell Moore Jr.,CHA,23,36,11,25,13.9,4.2,1.6,3.5,46.8,0.4,1.1,34.1,0.5,0.6,81.8,0.8,1.8,2.6,1.2,0.8,0.6,0.1,0.9,10.4,1.0,0.0,-3.7
417,Kris Murray,POR,24,69,31,38,15.1,4.2,1.7,4.0,41.9,0.4,1.7,22.5,0.4,0.8,45.6,1.1,1.5,2.6,1.0,0.6,0.5,0.2,1.0,10.4,1.0,0.0,-0.7
418,Torrey Craig,BOS,34,26,16,10,12.1,4.2,1.5,3.5,42.2,0.9,2.5,36.4,0.3,0.5,66.7,1.0,1.8,2.8,0.7,0.3,0.3,0.5,1.3,10.5,0.0,0.0,-1.9
419,Maxwell Lewis,BKN,22,28,9,19,11.7,4.1,1.6,3.9,41.7,0.7,1.8,38.0,0.3,0.4,70.0,0.6,1.3,2.0,0.7,0.5,0.3,0.3,1.0,8.7,0.0,0.0,-2.4
420,Caleb Houstan,ORL,22,58,29,29,13.6,4.1,1.4,3.3,42.1,1.1,2.8,40.0,0.3,0.3,88.2,0.3,1.0,1.3,0.6,0.2,0.4,0.1,1.1,7.8,0.0,0.0,-1.1
421,Jordan Miller,LAC,25,37,21,16,11.4,4.1,1.6,3.6,43.3,0.2,1.0,21.1,0.8,0.9,80.0,0.6,0.9,1.6,0.9,0.7,0.5,0.1,0.7,8.4,0.0,0.0,-1.7
422,Paul Reed,DET,25,45,22,23,9.7,4.1,1.6,3.2,50.7,0.2,0.6,28.6,0.7,0.9,76.2,0.9,1.8,2.7,1.0,0.6,0.9,0.6,1.7,12.5,0.0,0.0,1.0
423,Jarred Vanderbilt,LAL,26,36,25,11,16.1,4.1,1.6,3.4,48.8,0.3,0.9,28.1,0.6,1.0,55.6,1.9,3.2,5.1,1.1,0.8,1.0,0.3,1.9,14.8,0.0,0.0,1.0
424,Jalen Pickett,DEN,25,49,31,18,13.6,4.1,1.6,3.7,42.8,0.8,2.1,39.6,0.1,0.2,75.0,0.3,1.1,1.4,2.2,0.5,0.4,0.1,0.8,10.1,1.0,1.0,1.1
425,Jaylen Clark,MIN,23,40,28,12,13.0,4.1,1.4,3.0,46.7,0.6,1.3,43.1,0.7,0.9,78.4,0.7,0.7,1.3,0.7,0.2,0.9,0.1,1.5,9.3,0.0,0.0,1.1
426,Gui Santos,GSW,22,56,36,20,13.6,4.1,1.5,3.2,45.8,0.6,1.8,33.0,0.5,0.8,69.0,1.3,1.8,3.1,1.4,0.8,0.4,0.2,1.6,11.0,0.0,0.0,2.9
427,Colby Jones,WAS,22,39,12,27,13.2,4.0,1.5,3.3,45.7,0.4,1.3,32.7,0.6,0.9,65.7,0.5,1.7,2.2,1.1,0.6,0.7,0.3,0.9,10.8,1.0,0.0,-2.9
428,Nicolas Batum,LAC,36,78,47,31,17.5,4.0,1.3,3.1,43.7,1.1,2.6,43.3,0.2,0.3,81.0,0.6,2.2,2.8,1.1,0.4,0.7,0.5,1.4,11.9,0.0,0.0,1.9
429,Josh Richardson,MIA,31,8,4,4,18.7,4.0,1.4,4.8,28.9,0.8,2.8,27.3,0.5,0.5,100,0.8,0.8,1.5,1.5,1.0,1.0,0.1,2.1,10.4,0.0,0.0,-3.9
430,Malachi Flynn,CHA,26,4,2,2,10.9,4.0,1.3,3.3,38.5,0.3,1.0,25.0,1.3,1.5,83.3,0.8,1.0,1.8,1.8,1.0,0.8,0.0,1.0,10.0,0.0,0.0,0.3
431,Ron Harper Jr.,DET,25,1,0,1,17.0,4.0,1.0,8.0,12.5,0.0,6.0,0.0,2.0,2.0,100,4.0,3.0,7.0,2.0,0.0,0.0,0.0,0.0,15.4,0.0,0.0,-1.0
432,Kyle Lowry,PHI,39,35,14,21,18.8,3.9,1.2,3.3,35.0,0.8,2.5,33.0,0.8,0.9,81.8,0.3,1.6,1.9,2.7,0.6,0.9,0.3,1.8,13.5,0.0,0.0,-2.0
433,Steven Adams,HOU,31,58,38,20,13.7,3.9,1.6,2.9,54.5,0.0,0.0,0.0,0.7,1.6,46.2,2.9,2.8,5.6,1.1,0.9,0.4,0.5,1.0,14.0,3.0,0.0,3.0
434,Olivier-Maxence Prosper,DAL,22,52,27,25,11.2,3.9,1.3,3.3,40.2,0.2,1.0,23.5,0.9,1.5,64.5,0.8,1.6,2.4,0.8,0.3,0.5,0.1,0.5,9.5,0.0,0.0,-2.0
435,Ousmane Dieng,OKC,21,37,30,7,10.9,3.8,1.5,3.4,43.2,0.6,1.9,32.4,0.3,0.4,68.8,0.5,1.7,2.2,0.8,0.5,0.5,0.2,0.9,9.2,0.0,0.0,1.2
436,Devin Carter,SAC,23,36,18,18,11.0,3.8,1.3,3.5,37.0,0.5,1.7,29.5,0.7,1.2,59.1,0.5,1.6,2.1,1.1,0.5,0.6,0.1,1.1,9.7,0.0,0.0,1.2
437,Patty Mills,LAC,36,29,12,17,11.1,3.8,1.2,3.3,37.5,0.9,2.6,34.7,0.4,0.5,92.9,0.1,0.6,0.8,0.9,0.6,0.4,0.1,0.8,7.2,0.0,0.0,-0.5
438,Branden Carlson,OKC,25,32,29,3,7.7,3.8,1.3,3.0,44.3,0.7,2.1,33.3,0.4,0.6,77.8,0.5,1.2,1.7,0.4,0.2,0.2,0.7,0.7,8.7,1.0,0.0,1.3
439,Blake Wesley,SAS,22,58,23,35,11.8,3.7,1.4,3.2,43.5,0.3,1.0,29.3,0.7,1.1,62.3,0.3,0.8,1.1,2.0,0.9,0.6,0.1,0.8,9.2,0.0,0.0,-0.2
440,Markieff Morris,LAL,35,15,7,8,11.0,3.7,1.4,4.7,30.0,0.6,2.4,25.0,0.3,0.4,83.3,0.2,1.3,1.5,1.4,0.3,0.1,0.2,1.1,8.3,0.0,0.0,-1.9
441,DeAndre Jordan,DEN,36,56,37,19,12.3,3.7,1.6,2.5,65.0,0.0,0.0,0.0,0.5,1.1,42.2,1.5,3.6,5.1,0.9,0.7,0.3,0.5,1.3,12.8,3.0,0.0,-0.8
442,Emoni Bates,CLE,21,10,9,1,7.5,3.7,1.3,3.8,34.2,1.1,3.0,36.7,0.0,0.0,0.0,0.0,0.7,0.7,0.8,0.2,0.1,0.1,0.4,6.1,0.0,0.0,-3.4
443,Craig Porter Jr.,CLE,25,51,40,11,10.1,3.7,1.4,2.7,51.4,0.4,0.9,43.8,0.5,0.6,71.9,0.4,0.9,1.3,1.4,0.7,0.3,0.3,0.5,8.5,0.0,0.0,-0.9
444,Jackson Rowe,GSW,28,6,4,2,8.6,3.7,1.3,2.8,47.1,0.5,1.7,30.0,0.5,1.0,50.0,0.5,1.3,1.8,0.7,0.2,0.7,0.0,0.7,8.7,0.0,0.0,3.8
445,Baylor Scheierman,BOS,24,31,27,4,12.4,3.6,1.3,3.5,35.5,0.8,2.6,31.7,0.3,0.4,75.0,0.6,1.5,2.1,1.1,0.4,0.5,0.1,0.7,9.2,0.0,0.0,0.9
446,Jae'Sean Tate,HOU,29,52,38,14,11.3,3.6,1.3,2.8,47.3,0.3,0.9,34.8,0.6,0.9,68.1,1.0,1.3,2.3,0.9,0.4,0.5,0.1,1.6,9.2,0.0,0.0,1.0
447,Jaylon Tyson,CLE,22,47,37,10,9.6,3.6,1.4,3.2,43.0,0.4,1.2,34.5,0.4,0.5,79.2,0.8,1.3,2.0,0.9,0.6,0.3,0.1,1.1,7.9,1.0,0.0,0.0
448,JT Thor,WAS,22,20,10,10,12.5,3.6,1.3,3.0,42.4,0.3,1.1,28.6,0.8,1.1,68.2,1.0,1.4,2.4,0.3,0.5,0.4,0.5,0.9,9.0,0.0,0.0,-4.8
449,Elfrid Payton,NOP,31,24,3,21,21.3,3.5,1.7,5.1,32.8,0.0,0.3,16.7,0.2,0.3,57.1,0.6,2.7,3.3,6.9,2.5,1.0,0.5,1.5,19.8,2.0,0.0,-6.2
450,Cory Joseph,ORL,33,50,26,24,12.2,3.5,1.2,3.1,40.3,0.8,2.1,36.4,0.3,0.4,77.8,0.3,1.1,1.5,1.4,0.4,0.5,0.1,1.0,8.9,0.0,0.0,0.7
451,Luka Garza,MIN,26,39,28,11,5.6,3.5,1.3,2.7,49.5,0.3,0.9,27.8,0.6,0.9,68.6,0.8,0.6,1.4,0.3,0.3,0.2,0.1,0.7,6.0,0.0,0.0,0.0
452,Dario Šarić,DEN,31,16,7,9,13.1,3.5,1.3,3.6,36.2,0.4,1.6,26.9,0.4,0.6,70.0,0.9,2.3,3.1,1.4,0.9,0.4,0.1,1.2,10.0,1.0,0.0,-3.1
453,Doug McDermott,SAC,33,42,21,21,8.1,3.5,1.2,2.8,42.7,1.0,2.4,43.6,0.1,0.1,60.0,0.1,0.5,0.5,0.2,0.1,0.1,0.0,0.7,4.7,0.0,0.0,0.6
454,Andre Jackson Jr.,MIL,23,67,39,28,14.6,3.4,1.4,2.9,47.7,0.4,1.1,39.5,0.2,0.4,50.0,1.0,1.7,2.7,1.2,0.9,0.5,0.2,1.7,9.8,0.0,0.0,-0.5
455,Bruno Fernando,TOR,26,17,2,15,8.6,3.4,1.5,2.9,53.1,0.0,0.0,0.0,0.4,0.5,75.0,1.2,1.8,3.0,1.1,0.8,0.2,0.5,1.6,10.1,0.0,0.0,-1.3
456,Jamaree Bouyea,MIL,25,5,4,1,12.3,3.4,1.2,2.4,50.0,0.2,1.0,20.0,0.8,1.2,66.7,0.2,0.8,1.0,2.0,1.6,0.8,0.4,0.4,9.6,0.0,0.0,0.4
457,Isaac Jones,SAC,24,40,19,21,7.6,3.4,1.4,2.1,65.1,0.1,0.2,37.5,0.6,0.9,63.9,0.6,0.9,1.4,0.3,0.4,0.1,0.3,0.8,6.2,0.0,0.0,-1.6
458,Damion Lee,PHX,32,25,6,19,5.8,3.3,1.1,3.0,36.5,0.4,1.5,24.3,0.8,0.8,95.2,0.1,0.7,0.8,0.4,0.4,0.2,0.0,0.2,5.3,0.0,0.0,1.0
459,Kevin Knox II,GSW,25,14,11,3,6.0,3.3,1.3,2.6,50.0,0.3,1.1,26.7,0.4,0.6,75.0,0.5,0.7,1.2,0.4,0.3,0.1,0.3,0.4,6.3,0.0,0.0,-0.2
460,Nate Williams,HOU,26,20,14,6,7.3,3.3,1.4,3.1,43.5,0.3,1.3,23.1,0.3,0.4,62.5,0.3,0.4,0.7,0.5,0.7,0.4,0.2,0.8,5.8,0.0,0.0,-1.2
461,Zeke Nnaji,DEN,24,57,36,21,10.7,3.2,1.2,2.5,49.6,0.3,0.9,32.7,0.5,0.8,61.4,0.6,1.0,1.6,0.4,0.2,0.4,0.7,1.1,8.8,0.0,0.0,-0.4
462,Elijah Harkless,UTA,25,10,1,9,13.8,3.2,1.1,3.5,31.4,0.7,2.5,28.0,0.3,0.6,50.0,0.9,1.2,2.1,0.8,0.3,1.0,0.1,1.8,9.9,0.0,0.0,3.1
463,Cam Reddish,LAL,25,33,15,18,17.9,3.2,1.2,2.8,40.4,0.4,1.4,27.7,0.5,0.8,61.5,0.5,1.5,2.0,0.7,0.4,1.0,0.3,1.3,10.1,0.0,0.0,-2.8
464,Delon Wright,NYK,32,40,22,18,15.9,3.1,1.1,3.3,34.4,0.5,1.8,27.4,0.4,0.6,60.0,0.7,1.0,1.7,1.9,0.6,0.9,0.3,0.6,11.0,0.0,0.0,0.0
465,Kylor Kelley,NOP,27,11,3,8,11.5,3.1,1.3,2.0,63.6,0.0,0.0,0.0,0.5,0.9,60.0,1.1,2.5,3.5,0.5,0.4,0.1,0.3,1.4,8.8,1.0,0.0,-6.8
466,Maxi Kleber,LAL,33,34,18,16,18.7,3.0,1.1,2.8,38.5,0.4,1.4,26.5,0.5,0.6,76.2,0.7,2.1,2.8,1.3,0.7,0.3,0.5,1.9,9.9,0.0,0.0,-0.5
467,Gary Harris,ORL,30,48,28,20,14.8,3.0,1.1,2.8,38.3,0.8,2.1,35.6,0.1,0.3,58.3,0.4,0.9,1.3,0.6,0.4,0.5,0.3,0.9,7.6,0.0,0.0,1.8
468,P.J. Tucker,NYK,39,3,1,2,19.3,3.0,1.0,2.3,42.9,1.0,2.0,50.0,0.0,0.0,0.0,1.3,1.3,2.7,0.0,0.3,0.3,0.3,2.7,7.9,0.0,0.0,-7.3
469,Tazé Moore,POR,26,2,0,2,9.9,3.0,1.0,5.0,20.0,0.5,2.0,25.0,0.5,1.0,50.0,2.0,2.0,4.0,0.5,1.0,1.0,0.0,0.0,10.6,0.0,0.0,-3.5
470,Rayan Rupert,POR,20,52,23,29,8.8,3.0,1.1,2.7,40.8,0.3,1.1,27.1,0.4,0.6,76.7,0.5,0.8,1.3,0.5,0.6,0.3,0.1,0.7,5.9,1.0,0.0,-1.7
471,Pete Nance,MIL,25,13,8,5,10.6,2.9,1.1,2.5,43.8,0.7,1.8,37.5,0.1,0.2,50.0,0.4,1.2,1.6,0.8,0.3,0.2,0.2,1.3,6.6,0.0,0.0,-1.1
472,Tyler Smith,MIL,20,23,12,11,5.3,2.9,1.0,2.2,48.0,0.6,1.3,43.3,0.3,0.3,75.0,0.3,0.8,1.1,0.2,0.3,0.1,0.2,0.5,5.0,0.0,0.0,0.3
473,Markelle Fultz,SAC,26,21,9,12,8.8,2.9,1.3,3.2,41.8,0.2,0.4,50.0,0.0,0.0,100,0.3,0.7,1.0,1.3,0.7,0.5,0.1,0.6,7.0,0.0,0.0,0.2
474,Taj Gibson,CHA,39,37,10,27,11.1,2.9,1.3,2.6,49.5,0.0,0.1,50.0,0.3,0.5,60.0,1.4,1.9,3.2,0.6,0.7,0.2,0.5,1.5,9.1,1.0,0.0,-3.4
475,RayJ Dennis,IND,24,11,7,4,6.4,2.7,1.0,3.0,33.3,0.5,1.9,28.6,0.2,0.2,100,0.2,0.9,1.1,1.3,0.5,0.6,0.2,0.6,7.9,0.0,0.0,4.0
476,Keshad Johnson,MIA,23,16,10,6,6.1,2.7,1.1,1.6,69.2,0.2,0.4,42.9,0.3,0.6,44.4,0.4,1.4,1.8,0.3,0.3,0.3,0.3,0.7,6.6,0.0,0.0,0.3
477,David Duke Jr.,SAS,25,6,0,6,5.6,2.7,1.0,2.3,42.9,0.5,1.0,50.0,0.2,0.3,50.0,0.2,0.7,0.8,0.7,0.3,0.2,0.0,0.2,4.8,0.0,0.0,4.7
478,Hunter Tyson,DEN,24,51,30,21,7.8,2.6,0.9,2.4,37.5,0.5,1.5,31.1,0.4,0.5,75.0,0.5,1.0,1.5,0.4,0.3,0.2,0.1,0.9,5.7,0.0,0.0,-1.9
479,Josh Minott,MIN,22,46,32,14,6.0,2.6,1.0,2.0,48.9,0.3,0.9,32.6,0.4,0.4,89.5,0.3,0.8,1.0,0.4,0.2,0.3,0.3,0.7,5.9,0.0,0.0,-0.3
480,Reece Beekman,BKN,23,36,13,23,13.0,2.6,1.0,3.0,32.7,0.2,1.1,17.5,0.4,0.6,76.2,0.4,0.7,1.1,1.8,0.6,0.9,0.1,1.0,8.8,0.0,0.0,-3.3
481,Jae Crowder,SAC,34,9,3,6,11.4,2.6,0.8,2.4,31.8,0.4,1.7,26.7,0.6,0.7,83.3,0.7,1.6,2.2,0.7,0.4,0.3,0.0,1.1,6.8,0.0,0.0,-2.0
482,Jaden Springer,UTA,22,43,22,21,8.5,2.5,0.8,2.1,38.9,0.3,1.1,25.0,0.6,0.9,71.1,0.4,1.0,1.3,0.8,0.4,0.6,0.1,1.0,6.9,0.0,0.0,-0.7
483,Anthony Gill,WAS,32,51,7,44,7.8,2.5,0.8,1.7,48.9,0.2,0.6,32.3,0.6,1.0,66.0,0.4,0.9,1.3,0.3,0.2,0.2,0.0,0.6,5.0,0.0,0.0,-1.4
484,Pat Spencer,GSW,28,39,24,15,6.4,2.5,1.1,2.6,40.6,0.1,0.6,22.7,0.3,0.4,73.3,0.4,0.8,1.2,1.2,0.5,0.4,0.1,0.5,6.6,0.0,0.0,-0.4
485,Dillon Jones,OKC,23,54,45,9,10.2,2.5,0.9,2.5,38.3,0.3,1.2,25.4,0.3,0.5,60.7,0.6,1.7,2.2,1.1,0.5,0.3,0.1,1.0,7.4,1.0,0.0,1.4
486,Trey Jemison III,LAL,25,38,17,21,10.3,2.5,1.1,1.9,55.4,0.0,0.0,0.0,0.3,0.9,39.4,1.2,1.6,2.8,0.4,0.6,0.2,0.4,1.8,7.7,0.0,0.0,-0.5
487,John Konchar,MEM,29,46,26,20,12.1,2.4,0.9,2.0,45.1,0.5,1.3,37.1,0.2,0.2,87.5,0.8,2.5,3.3,0.9,0.3,0.7,0.3,0.7,10.3,0.0,0.0,1.3
488,Christian Koloko,LAL,24,37,23,14,9.2,2.4,1.1,1.8,60.6,0.0,0.1,0.0,0.3,0.4,71.4,0.9,1.5,2.5,0.4,0.3,0.2,0.4,1.2,7.7,0.0,0.0,-0.2
489,Johnny Davis,WAS,23,34,4,30,7.1,2.4,0.9,2.3,41.0,0.2,0.9,24.1,0.3,0.4,60.0,0.3,0.8,1.1,0.3,0.2,0.4,0.2,0.5,5.8,0.0,0.0,-0.8
490,Miles Norris,BOS,25,3,2,1,11.6,2.3,0.7,3.0,22.2,0.7,2.3,28.6,0.3,0.7,50.0,0.7,2.3,3.0,0.0,0.0,0.7,0.3,0.0,8.9,0.0,0.0,-4.7
491,Mason Jones,SAC,26,10,4,6,4.5,2.3,0.9,1.8,50.0,0.1,0.8,12.5,0.4,0.5,80.0,0.2,0.7,0.9,1.1,0.1,0.0,0.1,0.3,5.2,0.0,0.0,0.1
492,Bronny James,LAL,20,27,17,10,6.7,2.3,0.8,2.5,31.3,0.3,1.2,28.1,0.4,0.5,78.6,0.1,0.5,0.7,0.8,0.5,0.3,0.1,0.5,5.2,0.0,0.0,-2.6
493,MarJon Beauchamp,NYK,24,35,19,16,4.5,2.3,0.8,1.9,41.5,0.3,0.8,34.5,0.4,0.6,75.0,0.3,0.9,1.3,0.3,0.4,0.1,0.0,0.4,4.2,0.0,0.0,0.3
494,Patrick Baldwin Jr.,LAC,22,24,3,21,4.4,2.2,0.8,1.5,54.3,0.5,1.0,56.5,0.1,0.2,50.0,0.2,0.8,1.0,0.1,0.2,0.1,0.1,0.3,4.1,0.0,0.0,1.2
495,TyTy Washington Jr.,PHX,23,16,4,12,7.4,2.2,0.9,2.8,31.1,0.3,1.3,19.0,0.2,0.4,50.0,0.3,0.6,0.8,1.0,0.2,0.2,0.0,0.3,5.0,0.0,0.0,0.1
496,Drew Peterson,BOS,25,25,17,8,7.4,2.2,0.7,1.6,41.5,0.5,1.3,39.4,0.3,0.4,77.8,0.4,1.2,1.6,0.5,0.3,0.2,0.1,0.7,5.4,0.0,0.0,1.8
497,Jordan McLaughlin,SAS,29,46,17,29,6.8,2.1,0.7,1.6,43.1,0.4,1.0,41.3,0.4,0.5,77.3,0.1,0.5,0.7,1.1,0.3,0.3,0.0,0.4,5.3,0.0,0.0,1.2
498,Chris Duarte,CHI,27,17,4,13,4.4,2.1,0.7,1.5,46.2,0.4,0.9,40.0,0.4,0.5,75.0,0.3,0.9,1.2,0.5,0.1,0.0,0.0,0.4,4.3,0.0,0.0,0.7
499,Enrique Freeman,IND,24,22,7,15,8.2,2.1,0.7,1.7,43.2,0.0,0.5,10.0,0.6,0.9,68.4,0.5,0.9,1.4,0.4,0.3,0.1,0.1,1.0,4.9,0.0,0.0,-0.9
500,Dwight Powell,DAL,33,55,25,30,10.0,2.1,0.8,1.1,68.9,0.0,0.1,40.0,0.5,0.8,65.1,0.9,1.3,2.1,1.0,0.3,0.3,0.4,1.4,7.9,0.0,0.0,-0.3
501,JD Davison,BOS,22,16,13,3,5.8,2.1,0.8,2.1,35.3,0.3,1.1,22.2,0.3,0.4,71.4,0.1,0.7,0.8,0.8,0.8,0.3,0.1,0.1,4.6,0.0,0.0,-1.8
502,Johnny Furphy,IND,20,50,31,19,7.6,2.1,0.7,1.8,38.0,0.3,1.0,30.0,0.4,0.4,81.8,0.5,1.0,1.4,0.4,0.2,0.4,0.2,0.8,5.8,0.0,0.0,0.4
503,Adama Sanogo,CHI,23,4,2,2,5.4,2.0,1.0,1.8,57.1,0.0,0.0,0.0,0.0,0.0,0.0,1.3,0.3,1.5,0.3,0.3,0.0,0.0,0.3,3.9,0.0,0.0,-1.3
504,Josh Christopher,MIA,23,14,9,5,5.0,2.0,0.8,2.2,35.5,0.1,0.8,18.2,0.3,0.4,66.7,0.0,0.6,0.6,0.6,0.4,0.4,0.2,0.1,4.9,0.0,0.0,-0.4
505,Tyler Kolek,NYK,24,41,27,14,7.2,2.0,0.7,2.0,32.9,0.3,1.1,29.8,0.3,0.4,76.5,0.2,0.5,0.7,1.7,0.4,0.3,0.1,0.6,6.1,0.0,0.0,0.0
506,Kobe Brown,LAC,25,40,25,15,6.8,1.9,0.8,1.8,45.8,0.2,0.7,23.1,0.1,0.2,71.4,0.5,1.2,1.6,0.6,0.3,0.2,0.1,0.6,5.3,0.0,0.0,-1.3
507,Ariel Hukporti,NYK,23,25,17,8,8.7,1.9,0.8,1.2,67.7,0.0,0.0,0.0,0.2,0.5,46.2,0.6,1.5,2.0,0.4,0.8,0.0,0.6,1.3,6.1,0.0,0.0,-2.5
508,Garrett Temple,TOR,38,28,11,17,8.1,1.9,0.6,2.1,30.0,0.2,1.0,21.4,0.4,0.4,91.7,0.3,0.7,1.0,1.1,0.4,0.6,0.1,0.8,6.5,0.0,0.0,-1.0
509,Bobi Klintman,DET,22,8,4,4,5.3,1.9,0.8,1.3,60.0,0.3,0.6,40.0,0.1,0.3,50.0,0.1,0.8,0.9,0.9,0.1,0.3,0.1,1.0,5.2,0.0,0.0,0.0
510,Jericho Sims,MIL,26,53,34,19,11.9,1.8,0.8,1.3,63.4,0.0,0.0,0.0,0.2,0.2,61.5,1.3,2.4,3.7,0.6,0.6,0.2,0.4,1.2,8.3,0.0,0.0,0.5
511,Vlatko Čančar,DEN,28,13,2,11,10.4,1.8,0.8,2.0,38.5,0.3,1.2,26.7,0.0,0.0,0.0,0.5,2.0,2.5,0.7,0.8,0.2,0.2,0.8,6.1,0.0,0.0,-1.4
512,Jahmir Young,CHI,24,6,4,2,4.9,1.8,0.7,0.8,80.0,0.2,0.3,50.0,0.3,0.3,100,0.2,0.3,0.5,1.0,0.2,0.0,0.0,0.3,3.8,0.0,0.0,-1.2
513,Trentyn Flowers,LAC,20,6,4,2,4.4,1.8,0.7,1.8,36.4,0.0,0.3,0.0,0.5,0.5,100,0.2,0.5,0.7,0.0,0.2,0.0,0.0,0.7,2.5,0.0,0.0,-1.0
514,Adam Flagler,OKC,25,37,34,3,5.5,1.8,0.7,2.6,26.0,0.4,1.9,19.4,0.0,0.1,50.0,0.2,0.5,0.7,0.3,0.1,0.2,0.1,0.4,3.9,0.0,0.0,0.2
515,E.J. Liddell,CHI,24,12,6,6,4.4,1.8,0.7,1.3,53.3,0.3,0.8,30.0,0.2,0.2,100,0.3,0.5,0.8,0.3,0.2,0.1,0.1,0.9,3.4,0.0,0.0,-0.7
516,PJ Hall,DEN,23,19,12,7,3.5,1.7,0.7,1.3,58.3,0.1,0.4,25.0,0.2,0.2,75.0,0.3,0.8,1.2,0.2,0.1,0.0,0.2,0.6,4.0,0.0,0.0,-0.1
517,Tristan Thompson,CLE,34,40,31,9,8.2,1.7,0.8,1.8,43.7,0.0,0.1,0.0,0.2,0.8,23.3,0.8,2.6,3.4,0.6,0.4,0.1,0.3,0.9,7.3,0.0,0.0,-2.1
518,Alex Ducas,OKC,24,21,20,1,6.0,1.7,0.6,1.4,40.0,0.5,1.0,47.6,0.1,0.1,100,0.4,0.8,1.2,0.2,0.2,0.2,0.0,0.6,4.1,0.0,0.0,-1.0
519,Emanuel Miller,CHI,24,6,4,2,4.1,1.7,0.7,1.3,50.0,0.0,0.2,0.0,0.3,0.3,100,0.7,0.7,1.3,0.3,0.0,0.2,0.0,0.5,4.3,0.0,0.0,-1.3
520,Pacôme Dadiet,NYK,19,18,14,4,6.2,1.7,0.6,1.7,32.3,0.3,1.1,31.6,0.2,0.3,66.7,0.2,0.8,1.0,0.3,0.2,0.2,0.1,0.4,3.9,0.0,0.0,-0.9
521,Yuki Kawamura,MEM,23,22,17,5,4.2,1.6,0.5,1.4,36.7,0.3,1.0,30.4,0.3,0.4,77.8,0.0,0.5,0.5,0.9,0.2,0.1,0.0,0.4,3.6,0.0,0.0,1.2
522,Alex Len,LAL,31,46,21,25,8.3,1.6,0.7,1.4,50.8,0.0,0.2,22.2,0.2,0.4,47.1,0.8,1.2,2.1,0.8,0.4,0.2,0.5,1.2,6.8,0.0,0.0,-3.3
523,Phillip Wheeler,PHI,22,5,0,5,8.9,1.6,0.6,4.2,14.3,0.0,2.0,0.0,0.4,0.4,100,0.4,1.2,1.6,0.4,0.2,0.2,0.4,0.2,5.7,0.0,0.0,2.6
524,Jordan Walsh,BOS,21,52,39,13,7.8,1.6,0.6,1.6,36.1,0.3,1.1,27.3,0.1,0.2,58.3,0.4,0.9,1.3,0.4,0.3,0.2,0.2,0.6,4.7,0.0,0.0,0.5
525,Armel Traoré,LAL,22,9,5,4,7.4,1.6,0.7,2.1,31.6,0.0,0.8,0.0,0.2,0.8,28.6,0.2,1.4,1.7,0.1,0.3,0.4,0.2,0.7,5.4,0.0,0.0,-5.4
526,Jack McVeigh,HOU,28,9,5,4,4.8,1.6,0.6,1.9,29.4,0.4,1.4,30.8,0.0,0.0,0.0,0.2,0.3,0.6,0.1,0.2,0.0,0.2,0.3,2.8,0.0,0.0,-1.1
527,Leonard Miller,MIN,21,13,11,2,2.4,1.5,0.5,1.2,40.0,0.0,0.4,0.0,0.6,0.6,100,0.2,0.6,0.8,0.0,0.2,0.2,0.1,0.2,3.1,0.0,0.0,-0.9
528,Jazian Gortman,DAL,22,16,8,8,3.5,1.5,0.6,1.4,39.1,0.3,0.7,36.4,0.1,0.3,50.0,0.1,0.3,0.3,0.4,0.3,0.1,0.1,0.6,2.7,0.0,0.0,0.7
529,Kevin McCullar Jr.,NYK,24,4,4,0,7.3,1.5,0.5,1.8,28.6,0.0,0.3,0.0,0.5,0.5,100,0.0,2.0,2.0,0.5,0.0,0.3,0.3,1.5,6.2,0.0,0.0,-0.5
530,Quincy Olivari,LAL,23,2,1,1,5.2,1.5,0.5,2.5,20.0,0.5,2.5,20.0,0.0,0.0,0.0,0.0,0.0,0.0,0.5,0.5,0.0,0.0,0.0,1.8,0.0,0.0,-9.0
531,Matt Ryan,NYK,27,19,14,5,3.6,1.5,0.5,1.6,32.3,0.3,1.0,31.6,0.1,0.1,100,0.0,0.4,0.4,0.2,0.2,0.1,0.0,0.1,2.4,0.0,0.0,-2.1
532,Sidy Cissoko,POR,21,22,11,11,5.2,1.5,0.6,1.4,43.3,0.1,0.6,23.1,0.1,0.4,33.3,0.4,0.6,1.0,0.7,0.5,0.1,0.0,0.5,3.5,0.0,0.0,0.4
533,Chris Livingston,MIL,21,21,15,6,5.0,1.4,0.4,1.3,33.3,0.0,0.4,0.0,0.6,0.8,75.0,0.5,1.2,1.7,0.2,0.3,0.2,0.0,0.4,4.2,0.0,0.0,-1.4
534,Cam Christie,LAC,19,13,10,3,4.5,1.4,0.5,1.8,29.2,0.2,1.0,15.4,0.2,0.3,50.0,0.2,0.7,0.9,0.5,0.2,0.4,0.1,0.3,4.4,0.0,0.0,-0.8
535,Jacob Toppin,ATL,24,17,13,4,4.4,1.4,0.5,1.3,40.9,0.3,0.6,50.0,0.0,0.0,0.0,0.2,0.7,0.9,0.4,0.2,0.1,0.0,0.2,3.1,0.0,0.0,-1.5
536,Trey Alexander,DEN,21,24,14,10,4.9,1.3,0.5,1.7,31.7,0.1,0.7,17.6,0.1,0.2,75.0,0.0,0.5,0.5,0.5,0.2,0.1,0.0,0.4,2.8,0.0,0.0,-1.0
537,Spencer Jones,DEN,23,20,13,7,6.2,1.3,0.6,1.7,32.4,0.1,0.9,5.9,0.2,0.2,100,0.4,0.5,0.9,0.3,0.3,0.3,0.3,0.9,3.9,0.0,0.0,-2.3
538,Skal Labissiere,SAC,29,4,2,2,3.0,1.3,0.5,1.0,50.0,0.3,0.3,100,0.0,0.0,0.0,0.3,0.5,0.8,0.3,0.0,0.0,0.0,0.3,2.5,0.0,0.0,-0.3
539,Jalen Bridges,PHX,23,8,1,7,3.8,1.1,0.3,0.9,28.6,0.3,0.9,28.6,0.4,0.5,75.0,0.0,0.5,0.5,0.0,0.5,0.0,0.0,0.0,1.2,0.0,0.0,0.9
540,Xavier Tillman,BOS,26,33,26,7,7.0,1.0,0.4,1.6,24.5,0.2,1.0,15.6,0.1,0.1,75.0,0.3,1.0,1.3,0.2,0.4,0.3,0.2,0.5,3.9,0.0,0.0,-0.4
541,Braxton Key,GSW,28,3,3,0,3.6,1.0,0.0,1.3,0.0,0.0,0.3,0.0,1.0,2.0,50.0,0.3,0.3,0.7,0.0,0.3,0.7,0.0,0.0,3.5,0.0,0.0,-2.7
542,Bryce McGowens,POR,22,13,8,5,2.5,1.0,0.3,1.1,28.6,0.0,0.3,0.0,0.4,0.5,83.3,0.2,0.1,0.2,0.2,0.3,0.1,0.0,0.2,1.4,0.0,0.0,-0.3
543,Daniss Jenkins,DET,23,7,3,4,3.2,1.0,0.4,1.4,30.0,0.1,1.0,14.3,0.0,0.3,0.0,0.0,0.3,0.3,0.4,0.1,0.0,0.0,0.3,1.8,0.0,0.0,-1.3
544,Luke Travers,CLE,23,12,10,2,7.3,1.0,0.4,1.7,25.0,0.0,0.8,0.0,0.2,0.2,100,0.7,1.0,1.7,0.7,0.7,0.1,0.1,0.5,3.8,0.0,0.0,-0.1
545,Yuri Collins,GSW,24,2,2,0,8.2,1.0,0.5,1.5,33.3,0.0,0.0,0.0,0.0,0.0,0.0,1.0,0.5,1.5,2.0,0.0,1.0,0.0,2.5,8.8,0.0,0.0,-2.5
546,Justin Minaya,POR,26,19,8,11,5.3,0.9,0.4,1.1,38.1,0.1,0.5,20.0,0.0,0.1,0.0,0.3,0.3,0.5,0.4,0.3,0.3,0.1,0.6,3.0,0.0,0.0,-0.6
547,Anton Watson,NYK,24,9,5,4,2.5,0.9,0.4,1.0,44.4,0.0,0.1,0.0,0.0,0.0,0.0,0.1,0.2,0.3,0.2,0.2,0.1,0.0,0.3,1.7,0.0,0.0,-1.0
548,Isaiah Crawford,SAC,23,15,7,8,3.0,0.9,0.3,0.7,45.5,0.1,0.3,20.0,0.1,0.3,50.0,0.1,0.5,0.5,0.1,0.1,0.1,0.1,0.1,2.1,0.0,0.0,1.5
549,Harrison Ingram,SAS,22,5,0,5,7.0,0.8,0.4,0.8,50.0,0.0,0.2,0.0,0.0,0.0,0.0,0.4,1.4,1.8,0.6,0.2,0.6,0.0,0.4,5.5,0.0,0.0,6.0
550,Joe Ingles,MIN,37,19,12,7,6.0,0.8,0.3,1.2,26.1,0.2,0.8,20.0,0.0,0.0,0.0,0.1,0.5,0.6,1.2,0.5,0.1,0.0,0.6,3.1,0.0,0.0,0.1
551,PJ Dozier,MIN,28,9,7,2,3.9,0.8,0.2,0.3,66.7,0.2,0.3,66.7,0.1,0.7,16.7,0.1,0.4,0.6,0.6,0.1,0.1,0.0,0.3,2.5,0.0,0.0,-0.4
552,D.J. Carton,TOR,24,4,1,3,8.3,0.8,0.3,1.8,14.3,0.0,0.8,0.0,0.3,0.3,100,0.0,1.0,1.0,0.8,1.0,0.5,0.0,0.3,3.6,0.0,0.0,3.0
553,Ulrich Chomche,TOR,19,7,3,4,4.6,0.7,0.3,0.7,40.0,0.0,0.0,0.0,0.1,0.3,50.0,0.6,0.6,1.1,0.3,0.3,0.0,0.1,0.7,2.7,0.0,0.0,-3.4
554,Liam Robbins,MIL,25,13,8,5,4.4,0.7,0.2,0.6,25.0,0.0,0.2,0.0,0.4,0.8,50.0,0.5,0.4,0.9,0.2,0.5,0.2,0.2,0.7,2.5,0.0,0.0,-0.4
555,Stanley Umude,MIL,26,22,15,7,3.9,0.7,0.2,1.2,19.2,0.1,0.7,20.0,0.1,0.2,50.0,0.2,0.6,0.8,0.2,0.1,0.1,0.3,0.4,3.0,0.0,0.0,-0.7
556,James Johnson,IND,38,12,5,7,3.1,0.7,0.3,0.9,36.4,0.0,0.3,0.0,0.0,0.1,0.0,0.0,0.5,0.5,0.3,0.3,0.0,0.2,0.4,1.9,0.0,0.0,-0.8
557,Cui Yongxi,BKN,21,5,2,3,2.1,0.6,0.2,1.4,14.3,0.0,0.6,0.0,0.2,0.4,50.0,0.0,0.4,0.4,0.0,0.0,0.0,0.0,0.0,1.1,0.0,0.0,0.4
558,Tristen Newton,MIN,23,8,2,6,2.0,0.4,0.1,1.0,12.5,0.0,0.4,0.0,0.1,0.1,100,0.3,0.3,0.5,0.3,0.3,0.1,0.0,0.5,1.5,0.0,0.0,-0.6
559,Daishen Nix,MIN,23,3,3,0,4.4,0.3,0.0,0.3,0.0,0.0,0.3,0.0,0.3,0.7,50.0,0.0,1.3,1.3,1.0,1.3,0.0,0.0,0.3,2.1,0.0,0.0,3.0
560,Malevy Leons,OKC,25,6,6,0,3.5,0.3,0.0,0.3,0.0,0.0,0.2,0.0,0.3,0.7,50.0,0.2,0.3,0.5,0.2,0.2,0.0,0.0,0.7,1.0,0.0,0.0,-3.0
561,Isaiah Stevens,MIA,24,3,3,0,1.9,0.0,0.0,0.7,0.0,0.0,0.3,0.0,0.0,0.0,0.0,0.0,0.7,0.7,0.0,0.0,0.3,0.0,0.0,1.8,0.0,0.0,1.3
562,Jahlil Okafor,IND,29,1,0,1,3.4,0.0,0.0,0.0,0.0,0.0,0.0,0.0,0.0,0.0,0.0,0.0,1.0,1.0,1.0,0.0,0.0,0.0,0.0,2.7,0.0,0.0,5.0
563,Jalen McDaniels,WAS,27,4,2,2,1.8,0.0,0.0,0.0,0.0,0.0,0.0,0.0,0.0,0.0,0.0,0.0,0.0,0.0,0.3,0.0,0.3,0.0,0.0,1.1,0.0,0.0,-0.3
564,Jesse Edwards,MIN,25,2,2,0,2.3,0.0,0.0,0.0,0.0,0.0,0.0,0.0,0.0,0.0,0.0,0.0,0.0,0.0,0.5,0.0,0.0,0.0,1.0,0.8,0.0,0.0,-5.0
565,Mac McClung,ORL,26,2,1,1,5.1,0.0,0.0,1.0,0.0,0.0,0.5,0.0,0.0,0.0,0.0,0.0,0.5,0.5,1.5,0.0,0.0,0.0,1.0,2.9,0.0,0.0,-1.0
566,Riley Minix,SAS,24,1,0,1,6.8,0.0,0.0,1.0,0.0,0.0,1.0,0.0,0.0,0.0,0.0,0.0,2.0,2.0,0.0,0.0,0.0,0.0,0.0,2.4,0.0,0.0,0.0
567,Terence Davis,SAC,27,1,1,0,7.9,0.0,0.0,2.0,0.0,0.0,1.0,0.0,0.0,0.0,0.0,0.0,1.0,1.0,1.0,0.0,0.0,0.0,0.0,2.7,0.0,0.0,-3.0
568,Terry Taylor,SAC,25,3,1,2,2.1,0.0,0.0,0.3,0.0,0.0,0.0,0.0,0.0,0.0,0.0,0.3,0.0,0.3,0.7,0.0,0.0,0.0,0.0,1.4,0.0,0.0,3.0
569,Zyon Pullin,MEM,24,3,1,2,0.9,0.0,0.0,0.3,0.0,0.0,0.0,0.0,0.0,0.0,0.0,0.0,0.0,0.0,0.0,0.0,0.0,0.0,0.0,0.0,0.0,0.0,0.3
